ans_id,template_id,roll_no,name,email,class
T001,T001,0.0,Unknown,Not Found,FY-Artificial Intelligence
T002,T001,0.0,Unknown,Not Found,FY-Artificial Intelligence
T003,T001,0.0,Unknown,Not Found,FY-Artificial Intelligence
T004,T001,0.0,Unknown,Not Found,FY-Artificial Intelligence
T005,T001,0.0,Unknown,Not Found,FY-Artificial Intelligence
T006,T001,0.0,Unknown,Not Found,FY-Artificial Intelligence
T007,T001,0.0,Unknown,Not Found,FY-Artificial Intelligence
T008,T001,0.0,Unknown,Not Found,FY-Artificial Intelligence
T009,T001,0.0,Unknown,Not Found,FY-Artificial Intelligence
T010,T001,0.0,Unknown,Not Found,FY-Artificial Intelligence
ans_T034_30,T034,30.0,Geetanjali Tripathi,collegeemail0017@gmail.com,TY-Information Technology
,,,,,
ans_T036_01,T036,1.0,saniya malhotra,collegeemail0017@gmail.com,FY computer science
ans_T036_02,T036,2.0,Rohit Bahl,collegeemail0017@gmail.com,FY computer science
ans_T037_01,T037,1.0,Yash Roy,collegeemail0017@gmail.com,FY computer science
ans_T002_01,T002,1.0,Sanika kumar,studentisdummy@gmail.com,Ty Bsc IT
ans_T002_02,T002,2.0,Akshit Shinde,studentisdummy@gmail.com,Ty Bsc IT
ans_T002_03,T002,3.0,Hansika Bendre,studentisdummy@gmail.com,Ty Bsc IT
ans_T002_04,T002,4.0,Hardik Kanojia,studentisdummy@gmail.com,Ty Bsc IT
ans_T002_05,T002,5.0,Diljeet Singh,studentisdummy@gmail.com,Ty Bsc IT
ans_T002_06,T002,6.0,Kishore Pande,studentisdummy@gmail.com,Ty Bsc IT
ans_T002_07,T002,7.0,Rahul Jaiswal,studentisdummy@gmail.com,Ty Bsc IT
ans_T002_08,T002,8.0,Shravani Enamule,studentisdummy@gmail.com,Ty Bsc IT
ans_T002_09,T002,9.0,Ashitosh surve,studentisdummy@gmail.com,Ty Bsc IT
ans_T002_10,T002,10.0,Rashmi Komre,studentisdummy@gmail.com,Ty Bsc IT
ans_T002_11,T002,11.0,Nidhi Gaikwad,studentisdummy@gmail.com,Ty Bsc IT
ans_T002_12,T002,12.0,Swaranjali Mehta,studentisdummy@gmail.com,Ty Bsc IT
ans_T002_13,T002,13.0,Rohini Mehta,studentisdummy@gmail.com,Ty Bsc IT
ans_T002_14,T002,14.0,Sakshi Ovhal,studentisdummy@gmail.com,Ty Bsc IT
ans_T002_15,T002,15.0,Kangna Prajapati,studentisdummy@gmail.com,Ty Bsc IT
ans_T002_16,T002,16.0,Preeti Shrivastav,studentisdummy@gmail.com,Ty Bsc IT
ans_T002_17,T002,17.0,Anushka Chakraborty,studentisdummy@gmail.com,Ty Bsc IT
ans_T002_18,T002,18.0,Anant Rajbhar,studentisdummy@gmail.com,Ty Bsc IT
ans_T002_19,T002,19.0,Ashika Jaiswal,studentisdummy@gmail.com,Ty Bsc IT
ans_T002_20,T002,20.0,Alisha Jackson,studentisdummy@gmail.com,Ty Bsc IT
ans_T002_21,T002,21.0,Surekha Pednekar,studentisdummy@gmail.com,Ty Bsc IT
ans_T002_22,T002,22.0,Suresh jadhav,studentisdummy@gmail.com,Ty Bsc IT
ans_T002_23,T002,23.0,Alex Michael,studentisdummy@gmail.com,Ty Bsc IT
ans_T002_24,T002,24.0,Nuhaan khan,studentisdummy@gmail.com,Ty Bsc IT
ans_T002_25,T002,25.0,Gurpreet Padda,studentisdummy@gmail.com,Ty Bsc IT
ans_T002_26,T002,26.0,Nandini prakash,studentisdummy@gmail.com,Ty Bsc IT
ans_T002_27,T002,27.0,Avni Shah,studentisdummy@gmail.com,Ty Bsc IT
ans_T002_28,T002,28.0,Himesh Rana,studentisdummy@gmail.com,Ty Bsc IT
ans_T002_29,T002,29.0,Rashmika Swaraj,studentisdummy@gmail.com,Ty Bsc IT
ans_T002_30,T002,30.0,Sonakshi Roy,studentisdummy@gmail.com,Ty Bsc IT
ans_T003_01,T003,1.0,Dhanshree Kishore Gupta,dhanshreehkg@gmail.com,Not Specified
ans_T003_02,T003,2.0,Aradhy Pardeshi,dhanshreehkg@gmail.com,Not Specified
ans_T003_03,T003,3.0,Kritika Pardeshi,dhanshreehkg@gmail.com,Not Specified
ans_T003_04,T003,4.0,Pratik phalke,dhanshreehkg@gmail.com,Not Specified
ans_T003_05,T003,5.0,Parth chakravedi,dhanshreehkg@gmail.com,Not Specified
ans_T003_06,T003,6.0,alisha christopher,alish@gmail.com,Not Specified
ans_T003_07,T003,7.0,piyush kukreja,ppppk@gmail.com,Not Specified
ans_T003_08,T003,8.0,Anandi sharma,studentisdummy@gmail.com,Not Specified
ans_T003_09,T003,9.0,Pramila shrivastav,studentisdummy@gmail.com,Not Specified
ans_T003_10,T003,10.0,Amit shrivastav,studentisdummy@gmail.com,Not Specified
ans_T003_11,T003,11.0,Amit pande,studentisdummy@gmail.com,Not Specified
ans_T003_12,T003,12.0,Shruti Gaikwad,studentisdummy@gmail.com,Not Specified
ans_T003_13,T003,13.0,Mayank Trivedi,studentisdummy@gmail.com,Not Specified
ans_T003_14,T003,14.0,Snehal shinde,studentisdummy@gmail.com,Not Specified
ans_T003_15,T003,15.0,Priyanka Singh,studentisdummy@gmail.com,Not Specified
ans_T003_16,T003,16.0,Rupesh Pardeshi,studentisdummy@gmail.com,Not Specified
ans_T003_17,T003,17.0,Janvi rajput,studentisdummy@gmail.com,Not Specified
ans_T003_18,T003,18.0,Gauri Prajapati,studentisdummy@gmail.com,Not Specified
ans_T003_19,T003,19.0,Sakshi Sonawane,studentisdummy@gmail.com,Not Specified
ans_T003_20,T003,20.0,Aryan Mishra,studentisdummy@gmail.com,Not Specified
ans_T003_21,T003,21.0,Yash Rai,studentisdummy@gmail.com,Not Specified
ans_T003_22,T003,22.0,Shraddha sable,studentisdummy@gmail.com,Not Specified
ans_T003_23,T003,23.0,Raksha Sathe,studentisdummy@gmail.com,Not Specified
ans_T003_24,T003,24.0,kareena surve,studentisdummy@gmail.com,Not Specified
ans_T003_25,T003,25.0,Aarohi Shirke,studentisdummy@gmail.com,Not Specified
ans_T003_26,T003,26.0,Keshav Raj,studentisdummy@gmail.com,Not Specified
ans_T003_27,T003,27.0,Shree Gupta,studentisdummy@gmail.com,Not Specified
ans_T003_28,T003,28.0,Rani Singh,studentisdummy@gmail.com,Not Specified
ans_T003_29,T003,29.0,Anjali Mishra,studentisdummy@gmail.com,Not Specified
ans_T003_30,T003,30.0,Dev Verma,studentisdummy@gmail.com,Not Specified
ans_T004_01,T004,1.0,Radhika gupta,studentisdummy@gmail.com,FY-Information Technology
ans_T004_02,T004,2.0,Priya sharma,studentisdummy@gmail.com,FY-Information Technology
ans_T004_03,T004,3.0,Anannya Rathee,studentisdummy@gmail.com,FY-Information Technology
ans_T004_04,T004,4.0,Aarav ghodpe,studentisdummy@gmail.com,FY-Information Technology
ans_T004_05,T004,5.0,Rasha thadani,studentisdummy@gmail.com,FY-Information Technology
ans_T004_06,T004,6.0,Pratik verma,studentisdummy@gmail.com,FY-Information Technology
ans_T004_07,T004,7.0,ashitosh shinde,studentisdummy@gmail.com,FY-Information Technology
ans_T004_08,T004,8.0,aaradhna turpe,studentisdummy@gmail.com,FY-Information Technology
ans_T004_09,T004,9.0,aarohi shirke,studentisdummy@gmail.com,FY-Information Technology
ans_T004_10,T004,10.0,Aditya surve,studentisdummy@gmail.com,FY-Information Technology
ans_T004_11,T004,11.0,Aditi gandhi,studentisdummy@gmail.com,FY-Information Technology
ans_T004_12,T004,12.0,pradnay kumar,studentisdummy@gmail.com,FY-Information Technology
ans_T004_13,T004,13.0,kumar gupta,studentisdummy@gmail.com,FY-Information Technology
ans_T004_14,T004,14.0,Chetan sharma,studentisdummy@gmail.com,FY-Information Technology
ans_T004_15,T004,15.0,Pooja Aahire,studentisdummy@gmail.com,FY-Information Technology
ans_T004_16,T004,16.0,Jaspreet singh,studentisdummy@gmail.com,FY-Information Technology
ans_T004_17,T004,17.0,Aditi surve,studentisdummy@gmail.com,FY-Information Technology
ans_T004_18,T004,18.0,Manoj Kashyap,studentisdummy@gmail.com,FY-Information Technology
ans_T004_19,T004,19.0,Sunita Kashyap,studentisdummy@gmail.com,FY-Information Technology
ans_T004_20,T004,20.0,Pooja dube,studentisdummy@gmail.com,FY-Information Technology
ans_T004_21,T004,21.0,aaradhna pande,studentisdummy@gmail.com,FY-Information Technology
ans_T004_22,T004,22.0,Shankar Jaikar,studentisdummy@gmail.com,FY-Information Technology
ans_T004_23,T004,23.0,Krishna shrivas,studentisdummy@gmail.com,FY-Information Technology
ans_T004_24,T004,24.0,Deepak Dikshit,studentisdummy@gmail.com,FY-Information Technology
ans_T004_25,T004,25.0,Shivani Gulati,studentisdummy@gmail.com,FY-Information Technology
ans_T004_26,T004,26.0,Jayesh Lalwani,studentisdummy@gmail.com,FY-Information Technology
ans_T004_27,T004,27.0,Akash Patel,studentisdummy@gmail.com,FY-Information Technology
ans_T004_28,T004,28.0,Deepali Bhoir,studentisdummy@gmail.com,FY-Information Technology
ans_T004_29,T004,29.0,Priyansh Gill,studentisdummy@gmail.com,FY-Information Technology
ans_T004_30,T004,30.0,Sheetal Sharma,studentisdummy@gmail.com,FY-Information Technology
ans_T005_01,T005,1.0,Manish chauhan,studentisdummy@gmail.com,Ty Bsc IT
ans_T005_02,T005,2.0,Priya Patel,studentisdummy@gmail.com,Ty Bsc IT
ans_T005_03,T005,3.0,Sunil Apte,studentisdummy@gmail.com,Ty Bsc IT
ans_T005_04,T005,4.0,Laxay Rai,studentisdummy@gmail.com,Ty Bsc IT
ans_T005_05,T005,5.0,Karan Bansal,studentisdummy@gmail.com,Ty Bsc IT
ans_T005_06,T005,6.0,Arjun Tiwari,studentisdummy@gmail.com,Ty Bsc IT
ans_T005_07,T005,7.0,Sneha Joshi,studentisdummy@gmail.com,Ty Bsc IT
ans_T005_08,T005,8.0,Pooja nair,studentisdummy@gmail.com,Ty Bsc IT
ans_T005_09,T005,9.0,Saurabh Dubey,studentisdummy@gmail.com,Ty Bsc IT
ans_T005_10,T005,10.0,Aarti Jain,studentisdummy@gmail.com,Ty Bsc IT
ans_T005_11,T005,11.0,Sonali Deshmukh,studentisdummy@gmail.com,Ty Bsc IT
ans_T005_12,T005,12.0,Prashant Tiwari,studentisdummy@gmail.com,Ty Bsc IT
ans_T005_13,T005,13.0,Divya Rane,studentisdummy@gmail.com,Ty Bsc IT
ans_T005_14,T005,14.0,Mohit Singh,studentisdummy@gmail.com,Ty Bsc IT
ans_T005_15,T005,15.0,Neha Choudhary,studentisdummy@gmail.com,Ty Bsc IT
ans_T005_16,T005,16.0,Lalit Bansal,studentisdummy@gmail.com,Ty Bsc IT
ans_T005_17,T005,17.0,Abhishekh Maurya,studentisdummy@gmail.com,Ty Bsc IT
ans_T005_18,T005,18.0,Vivek Rawat,studentisdummy@gmail.com,Ty Bsc IT
ans_T005_19,T005,19.0,Ritvik Saahu,studentisdummy@gmail.com,Ty Bsc IT
ans_T005_20,T005,20.0,Ameesha Kulkarni,studentisdummy@gmail.com,Ty Bsc IT
ans_T005_21,T005,21.0,Riya Tiwari,studentisdummy@gmail.com,Ty Bsc IT
ans_T005_22,T005,22.0,Rani Singh,Not Found,Ty Bsc IT
ans_T005_23,T005,23.0,Gurnaam singh,studentisdummy@gmail.com,Ty Bsc IT
ans_T005_24,T005,24.0,Anushka Rawat,studentisdummy@gmail.com,Ty Bsc IT
ans_T005_25,T005,25.0,Prashant Surve,studentisdummy@gmail.com,Ty Bsc IT
ans_T005_26,T005,26.0,Sumeet Jain,studentisdummy@gmail.com,Ty Bsc IT
ans_T005_27,T005,27.0,Rohan Lalwani,studentisdummy@gmail.com,Ty Bsc IT
ans_T005_28,T005,28.0,Ashitosh Sharma,studentisdummy@gmail.com,Ty Bsc IT
ans_T005_29,T005,29.0,Ajeet Deshmukh,studentisdummy@gmail.com,Ty Bsc IT
ans_T005_30,T005,30.0,Ameet Lokhande,studentisdummy@gmail.com,Ty Bsc IT
ans_T006_01,T006,1.0,abhilasha More,studentisdummy@gmail.com,SY Datascience
ans_T006_02,T006,2.0,Nusrat Khan,studentisdummy@gmail.com,SY Datascience
ans_T006_03,T006,3.0,Girish Sonawane,studentisdummy@gmail.com,SY Datascience
ans_T006_04,T006,4.0,Ashwini Roy,studentisdummy@gmail.com,SY Datascience
ans_T006_05,T006,5.0,Pratik shirke,studentisdummy@gmail.com,SY Datascience
ans_T006_06,T006,6.0,chaitrali patel,studentisdummy@gmail.com,SY Datascience
ans_T006_07,T006,7.0,rohan verma,studentisdummy@gmail.com,SY Datascience
ans_T006_08,T006,8.0,Abhijeet saha,studentisdummy@gmail.com,SY Datascience
ans_T006_09,T006,9.0,Rahul Banerjee,studentisdummy@gmail.com,SY Datascience
ans_T006_10,T006,10.0,Shubhankar shankar,studentisdummy@gmail.com,SY Datascience
ans_T006_11,T006,11.0,manish yadav,studentisdummy@gmail.com,SY Datascience
ans_T006_12,T006,12.0,Rina dutta,studentisdummy@gmail.com,SY Datascience
ans_T006_13,T006,13.0,Chetan verma,studentisdummy@gmail.com,SY Datascience
ans_T006_14,T006,14.0,ranbir ahuja,studentisdummy@gmail.com,SY Datascience
ans_T006_15,T006,15.0,sakshi hegde,studentisdummy@gmail.com,SY Datascience
ans_T006_16,T006,16.0,Pratiksha shinde,studentisdummy@gmail.com,SY Datascience
ans_T006_17,T006,17.0,Aanchal gupta,studentisdummy@gmail.com,SY Datascience
ans_T006_18,T006,18.0,Christan joy,studentisdummy@gmail.com,SY Datascience
ans_T006_19,T006,19.0,Ranveer chatterjee,studentisdummy@gmail.com,SY Datascience
ans_T006_20,T006,20.0,Iqbal aslam,studentisdummy@gmail.com,SY Datascience
ans_T006_21,T006,21.0,Arpita Das,studentisdummy@gmail.com,SY Datascience
ans_T006_22,T006,22.0,pravesh rajpal,studentisdummy@gmail.com,SY Datascience
ans_T006_23,T006,23.0,Gayitri Aaghode,studentisdummy@gmail.com,SY Datascience
ans_T006_24,T006,24.0,Nisha yadav,studentisdummy@gmail.com,SY Datascience
ans_T006_25,T006,25.0,Priyanka chetri,studentisdummy@gmail.com,SY Datascience
ans_T006_26,T006,26.0,laxman rao,studentisdummy@gmail.com,SY Datascience
ans_T006_27,T006,27.0,Jaspreet huda,studentisdummy@gmail.com,SY Datascience
ans_T006_28,T006,28.0,Reshma gupta,studentisdummy@gmail.com,SY Datascience
ans_T006_29,T006,29.0,Sujaan khanRoll,studentisdummy@gmail.com,SY Datascience
ans_T006_30,T006,30.0,Rutuja Shekhawat,studentisdummy@gmail.com,SY Datascience
ans_T007_01,T007,1.0,sakshi hegde,studentisdummy@gmail.com,TY ML
ans_T007_02,T007,2.0,Rashmi khavnekar,studentisdummy@gmail.com,TY ML
ans_T007_03,T007,3.0,Prakash verma,studentisdummy@gmail.com,TY ML
ans_T007_04,T007,4.0,Amit Shrivastav,studentisdummy@gmail.com,TY ML
ans_T007_05,T007,5.0,Rahul bharadwaj,studentisdummy@gmail.com,TY ML
ans_T007_06,T007,6.0,Samiksha dikshit,studentisdummy@gmail.com,TY ML
ans_T007_07,T007,7.0,Priyanka Rao,studentisdummy@gmail.com,TY ML
ans_T007_08,T007,8.0,Mahesh Solanki,studentisdummy@gmail.com,TY ML
ans_T007_09,T007,9.0,Rohit Barve,studentisdummy@gmail.com,TY ML
ans_T007_10,T007,10.0,Sunil More,studentisdummy@gmail.com,TY ML
ans_T007_11,T007,11.0,Kriti Reshamiya,studentisdummy@gmail.com,TY ML
ans_T007_12,T007,12.0,Aarush dikshit,studentisdummy@gmail.com,TY ML
ans_T007_13,T007,13.0,Ameesha Solanki,studentisdummy@gmail.com,TY ML
ans_T007_14,T007,14.0,Harshit pawar,studentisdummy@gmail.com,TY ML
ans_T007_15,T007,15.0,Alok Mehta,studentisdummy@gmail.com,TY ML
ans_T007_16,T007,16.0,Esha Savarkar,studentisdummy@gmail.com,TY ML
ans_T007_17,T007,17.0,Farah Quireshi,studentisdummy@gmail.com,TY ML
ans_T007_18,T007,18.0,Raha singh,studentisdummy@gmail.com,TY ML
ans_T007_19,T007,19.0,Salim shaikh,studentisdummy@gmail.com,TY ML
ans_T007_20,T007,20.0,Asma sayyad,studentisdummy@gmail.com,TY ML
ans_T007_21,T007,21.0,siddhart palkhe,studentisdummy@gmail.com,TY ML
ans_T007_22,T007,22.0,Raman Jaiswal,studentisdummy@gmail.com,TY ML
ans_T007_23,T007,23.0,Rani singh,studentisdummy@gmail.com,TY ML
ans_T007_24,T007,24.0,Raj gupta,studentisdummy@gmail.com,TY ML
ans_T007_25,T007,25.0,Saloni Prajapati,studentisdummy@gmail.com,TY ML
ans_T007_26,T007,26.0,Shreya prakash,studentisdummy@gmail.com,TY ML
ans_T007_27,T007,27.0,Sohil Jaikar,studentisdummy@gmail.com,TY ML
ans_T007_28,T007,28.0,Sakshi shinde,studentisdummy@gmail.com,TY ML
ans_T007_29,T007,29.0,Akshay verma,studentisdummy@gmail.com,TY ML
ans_T007_30,T007,30.0,Aakash Shrivastav,studentisdummy@gmail.com,TY ML
ans_T008_01,T008,1.0,Sohil Jaikar,studentisdummy@gmail.com,TY ML
ans_T008_02,T008,2.0,Sushma chatterjee,studentisdummy@gmail.com,TY ML
ans_T008_03,T008,3.0,Ashwini parab,studentisdummy@gmail.com,TY ML
ans_T008_04,T008,4.0,Alisha Alex,studentisdummy@gmail.com,TY ML
ans_T008_05,T008,5.0,Akshat singh,studentisdummy@gmail.com,TY ML
ans_T008_06,T008,6.0,Aarush Sonkar,studentisdummy@gmail.com,TY ML
ans_T008_07,T008,7.0,Radhika patel,studentisdummy@gmail.com,TY ML
ans_T008_08,T008,8.0,Ranjeet singh,studentisdummy@gmail.com,TY ML
ans_T008_09,T008,9.0,sushma pawar,studentisdummy@gmail.com,TY ML
ans_T008_10,T008,10.0,bhushan verma,studentisdummy@gmail.com,TY ML
ans_T008_11,T008,11.0,Sakshi Paal,studentisdummy@gmail.com,TY ML
ans_T008_12,T008,12.0,Brivesh Javed,studentisdummy@gmail.com,TY ML
ans_T008_13,T008,13.0,ankita shrivas,studentisdummy@gmail.com,TY ML
ans_T008_14,T008,14.0,Rakesh pawar,studentisdummy@gmail.com,TY ML
ans_T008_15,T008,15.0,parvesh Daundkar,studentisdummy@gmail.com,TY ML
ans_T008_16,T008,16.0,sumeet tripathi,studentisdummy@gmail.com,TY ML
ans_T008_17,T008,17.0,Prithvi rajbhar,studentisdummy@gmail.com,TY ML
ans_T008_18,T008,18.0,sonali mandana,studentisdummy@gmail.com,TY ML
ans_T008_19,T008,19.0,isha pandey,studentisdummy@gmail.com,TY ML
ans_T008_20,T008,20.0,lavanya saahu,studentisdummy@gmail.com,TY ML
ans_T008_21,T008,21.0,Rasika Mahesh,studentisdummy@gmail.com,TY ML
ans_T008_22,T008,22.0,Aanandi Rathod,studentisdummy@gmail.com,TY ML
ans_T008_23,T008,23.0,Garima shetty,studentisdummy@gmail.com,TY ML
ans_T008_24,T008,24.0,Nishi raj,studentisdummy@gmail.com,TY ML
ans_T008_25,T008,25.0,Lalit chaudhary,studentisdummy@gmail.com,TY ML
ans_T008_26,T008,26.0,Nisha ranjani,studentisdummy@gmail.com,TY ML
ans_T008_27,T008,27.0,priya Daundkar,studentisdummy@gmail.com,TY ML
ans_T008_28,T008,28.0,puneet tripathi,studentisdummy@gmail.com,TY ML
ans_T008_29,T008,29.0,shravani khavnekar,studentisdummy@gmail.com,TY ML
ans_T008_30,T008,30.0,Saanika Banerjee,studentisdummy@gmail.com,TY ML
ans_T009_01,T009,1.0,Manisha kapur,studentisdummy@gmail.com,TY Information Technology
ans_T009_02,T009,2.0,Devansh kapoor,studentisdummy@gmail.com,TY Information Technology
ans_T009_03,T009,3.0,Varun malhotra,studentisdummy@gmail.com,TY Information Technology
ans_T009_04,T009,4.0,Ananya bhatt,studentisdummy@gmail.com,TY Information Technology
ans_T009_05,T009,5.0,Shaurya Agarwal,studentisdummy@gmail.com,TY Information Technology
ans_T009_06,T009,6.0,Faizan sheikh,studentisdummy@gmail.com,TY Information Technology
ans_T009_07,T009,7.0,sonali deshmukh,studentisdummy@gmail.com,TY Information Technology
ans_T009_08,T009,8.0,Tanvi agarwal,studentisdummy@gmail.com,TY Information Technology
ans_T009_09,T009,9.0,Kabir Malik,studentisdummy@gmail.com,TY Information Technology
ans_T009_10,T009,10.0,Akshat banu,studentisdummy@gmail.com,TY Information Technology
ans_T009_11,T009,11.0,rhea saxena,studentisdummy@gmail.com,TY Information Technology
ans_T009_12,T009,12.0,yash vohra,studentisdummy@gmail.com,TY Information Technology
ans_T009_13,T009,13.0,kritika chaturvedi,studentisdummy@gmail.com,TY Information Technology
ans_T009_14,T009,14.0,shubham ghosal,studentisdummy@gmail.com,TY Information Technology
ans_T009_15,T009,15.0,Simran kaur,studentisdummy@gmail.com,TY Information Technology
ans_T009_16,T009,16.0,tanishq arora,studentisdummy@gmail.com,TY Information Technology
ans_T009_17,T009,17.0,aashika Nair,studentisdummy@gmail.com,TY Information Technology
ans_T009_18,T009,18.0,Ritu shastri,studentisdummy@gmail.com,TY Information Technology
ans_T009_19,T009,19.0,Neha jain,studentisdummy@gmail.com,TY Information Technology
ans_T009_20,T009,20.0,vivek kaur,studentisdummy@gmail.com,TY Information Technology
ans_T009_21,T009,21.0,Laxay roy,studentisdummy@gmail.com,TY Information Technology
ans_T009_22,T009,22.0,Tanya mehra,studentisdummy@gmail.com,TY Information Technology
ans_T009_23,T009,23.0,riya choudhary,studentisdummy@gmail.com,TY Information Technology
ans_T009_24,T009,24.0,Deepak pandey,studentisdummy@gmail.com,TY Information Technology
ans_T009_25,T009,25.0,Soniya Gurnani,studentisdummy@gmail.com,TY Information Technology
ans_T009_26,T009,26.0,samruddhi joshi,studentisdummy@gmail.com,TY Information Technology
ans_T009_27,T009,27.0,noor malik,studentisdummy@gmail.com,TY Information Technology
ans_T009_28,T009,28.0,Hansika padda,studentisdummy@gmail.com,TY Information Technology
ans_T009_29,T009,29.0,shantanu shastri,studentisdummy@gmail.com,TY Information Technology
ans_T009_30,T009,30.0,Ankit yadav,studentisdummy@gmail.com,TY Information Technology
ans_T010_01,T010,1.0,shantanu shastri,collegeemail0017@gmail.com,TY Computer Science
ans_T010_02,T010,2.0,Ritesh bhatia,collegeemail0017@gmail.com,TY Computer Science
ans_T010_03,T010,3.0,kavita deshmukh,collegeemail0017@gmail.com,TY Computer Science
ans_T010_04,T010,4.0,Aishwarya Soni,collegeemail0017@gmail.com,TY Computer Science
ans_T010_05,T010,5.0,Parth Patel,collegeemail0017@gmail.com,TY Computer Science
ans_T010_06,T010,6.0,shruti pathak,collegeemail0017@gmail.com,TY Computer Science
ans_T010_07,T010,7.0,Rachita Rawat,collegeemail0017@gmail.com,TY Computer Science
ans_T010_08,T010,8.0,Unknown,collegeemail0017@gmail.com,TY Computer Science
ans_T010_09,T010,9.0,Arpit Desai,collegeemail0017@gmail.com,TY Computer Science
ans_T010_10,T010,10.0,Bhavika Gaur,collegeemail0017@gmail.com,TY Computer Science
ans_T010_11,T010,11.0,Adarsh Kulkarni,collegeemail0017@gmail.com,TY Computer Science
ans_T010_12,T010,12.0,Aman tripathi,collegeemail0017@gmail.com,TY Computer Science
ans_T010_13,T010,13.0,Pratik Rane,collegeemail0017@gmail.com,TY Computer Science
ans_T010_14,T010,14.0,Ishika Joshi,collegeemail0017@gmail.com,TY Computer Science
ans_T010_15,T010,15.0,Ppnam Mehta,collegeemail0017@gmail.com,TY Computer Science
ans_T010_16,T010,16.0,Unknown,collegeemail0017@gmail.com,TY Computer Science
ans_T010_17,T010,17.0,Kartik Pillai,collegeemail0017@gmail.com,TY Computer Science
ans_T010_18,T010,18.0,Tapan Basu,collegeemail0017@gmail.com,TY Computer Science
ans_T010_19,T010,19.0,Komal Rathi,collegeemail0017@gmail.com,TY Computer Science
ans_T010_20,T010,30.0,Soumik Roy,collegeemail0017@gmail.com,TY Computer Science
ans_T010_21,T010,21.0,Snehal patil,collegeemail0017@gmail.com,TY Computer Science
ans_T010_22,T010,22.0,Gaurav shinde,collegeemail0017@gmail.com,TY Computer Science
ans_T010_23,T010,23.0,Poulomi Bnerjee,collegeemail0017@gmail.com,TY Computer Science
ans_T010_24,T010,24.0,Raghav Solanki,collegeemail0017@gmail.com,TY Computer Science
ans_T010_25,T010,25.0,Kirti mishra,collegeemail0017@gmail.com,TY Computer Science
ans_T010_26,T010,26.0,Aarfa Mir,collegeemail0017@gmail.com,TY Computer Science
ans_T010_27,T010,27.0,Chaitanya jadhav,collegeemail0017@gmail.com,TY Computer Science
ans_T010_28,T010,28.0,Farah Sheikh,collegeemail0017@gmail.com,TY Computer Science
ans_T010_29,T010,29.0,Shrishti bhagat,collegeemail0017@gmail.com,TY Computer Science
ans_T011_01,T011,1.0,samiksha hegde,collegeemail0017@gmail.com,Ty IT
ans_T011_02,T011,2.0,Latika shirke,collegeemail0017@gmail.com,Ty IT
ans_T011_03,T011,3.0,Yash singh,collegeemail0017@gmail.com,Ty IT
ans_T011_04,T011,4.0,Jaspreet Jaiswani,collegeemail0017@gmail.com,Ty IT
ans_T011_05,T011,5.0,Kartik arora,collegeemail0017@gmail.com,Ty IT
ans_T011_06,T011,6.0,ameesha kumar,collegeemail0017@gmail.com,Ty IT
ans_T011_07,T011,7.0,Sanika Chaudhary,collegeemail0017@gmail.com,Ty IT
ans_T011_08,T011,8.0,sushma chauhan,collegeemail0017@gmail.com,Ty IT
ans_T011_09,T011,9.0,Nehal Sharma,collegeemail0017@gmail.com,Ty IT
ans_T011_10,T011,10.0,Ashika gupta,collegeemail0017@gmail.com,Ty IT
ans_T011_11,T011,11.0,reshma bedi,collegeemail0017@gmail.com,Ty IT
ans_T011_12,T011,12.0,Sudhmita Patel,collegeemail0017@gmail.com,Ty IT
ans_T011_13,T011,13.0,Raj Verpe,collegeemail0017@gmail.com,Ty IT
ans_T011_14,T011,14.0,Asima khan,collegeemail0017@gmail.com,Ty IT
ans_T011_15,T011,15.0,Saniya jaiswal,collegeemail0017@gmail.com,Ty IT
ans_T011_16,T011,16.0,Nisha surve,collegeemail0017@gmail.com,Ty IT
ans_T011_17,T011,17.0,Shalini Mittal,collegeemail0017@gmail.com,Ty IT
ans_T011_18,T011,18.0,Sanam Quereshi,collegeemail0017@gmail.com,Ty IT
ans_T011_19,T011,19.0,Ashima choudhary,collegeemail0017@gmail.com,Ty IT
ans_T011_20,T011,20.0,Riddhima Patel,collegeemail0017@gmail.com,Ty IT
ans_T011_21,T011,21.0,Kritika Pandey,collegeemail0017@gmail.com,Ty IT
ans_T011_22,T011,22.0,ashwini Sharma,collegeemail0017@gmail.com,Ty IT
ans_T011_23,T011,23.0,Sujal Bijlani,collegeemail0017@gmail.com,Ty IT
ans_T011_24,T011,24.0,Shreya kadam,collegeemail0017@gmail.com,Ty IT
ans_T011_25,T011,25.0,Khanika Rathod,collegeemail0017@gmail.com,Ty IT
ans_T011_26,T011,26.0,Aradhna Pawar,collegeemail0017@gmail.com,Ty IT
ans_T011_27,T011,27.0,Amrit Jaiswani,collegeemail0017@gmail.com,Ty IT
ans_T011_28,T011,28.0,Saniya Malhotra,collegeemail0017@gmail.com,Ty IT
ans_T011_29,T011,29.0,Hridya singh,collegeemail0017@gmail.com,Ty IT
ans_T011_30,T011,30.0,puneet hegde,collegeemail0017@gmail.com,Ty IT
ans_T012_01,T012,1.0,Lalit Tiwari,collegeemail0017@gmail.com,Ty Data Science
ans_T012_02,T012,2.0,Parmeet Gurnani,collegeemail0017@gmail.com,Ty Data Science
ans_T012_03,T012,3.0,Manish chaudhary,collegeemail0017@gmail.com,Ty Data Science
ans_T012_04,T012,4.0,Adasrh Kulkarni,collegeemail0017@gmail.com,Ty Data Science
ans_T012_05,T012,5.0,Pinky shribastav,collegeemail0017@gmail.com,Ty Data Science
ans_T012_06,T012,6.0,Rajveer sharma,collegeemail0017@gmail.com,Ty Data Science
ans_T012_07,T012,7.0,Roshni Khan,collegeemail0017@gmail.com,Ty Data Science
ans_T012_08,T012,8.0,Sona shetty,collegeemail0017@gmail.com,Ty Data Science
ans_T012_09,T012,9.0,Lax Sonawane,collegeemail0017@gmail.com,Ty Data Science
ans_T012_10,T012,10.0,Ritesh bhatia,collegeemail0017@gmail.com,Ty Data Science
ans_T012_11,T012,11.0,Suman Rajput,collegeemail0017@gmail.com,Ty Data Science
ans_T012_12,T012,12.0,Aman Tripathi,collegeemail0017@gmail.com,Ty Data Science
ans_T012_13,T012,13.0,Manku roy,collegeemail0017@gmail.com,Ty Data Science
ans_T012_14,T012,14.0,Ramesh Lokhande,collegeemail0017@gmail.com,Ty Data Science
ans_T012_15,T012,15.0,Aakash Verma,collegeemail0017@gmail.com,Ty Data Science
ans_T012_16,T012,16.0,Rahul shetty,collegeemail0017@gmail.com,Ty Data Science
ans_T012_17,T012,17.0,Nisha Chauhan,collegeemail0017@gmail.com,Ty Data Science
ans_T012_18,T012,18.0,Ranjeet Lokhande,collegeemail0017@gmail.com,Ty Data Science
ans_T012_19,T012,19.0,Sam Michael,collegeemail0017@gmail.com,Ty Data Science
ans_T012_20,T012,20.0,Simran Sahni,collegeemail0017@gmail.com,Ty Data Science
ans_T012_21,T012,21.0,Lalit Sonawane,collegeemail0017@gmail.com,Ty Data Science
ans_T012_22,T012,22.0,Rohit vallam,collegeemail0017@gmail.com,Ty Data Science
ans_T012_23,T012,23.0,Ashika chaudhary,collegeemail0017@gmail.com,Ty Data Science
ans_T012_24,T012,24.0,Alok Chauhan,collegeemail0017@gmail.com,Ty Data Science
ans_T012_25,T012,25.0,Pratik Rane,collegeemail0017@gmail.com,Ty Data Science
ans_T012_26,T012,26.0,aniket sharma,collegeemail0017@gmail.com,Ty Data Science
ans_T012_27,T012,27.0,Kareena Verma,collegeemail0017@gmail.com,Ty Data Science
ans_T012_28,T012,28.0,Shravani Shankar,collegeemail0017@gmail.com,Ty Data Science
ans_T012_29,T012,29.0,Aarohi Gurnani,collegeemail0017@gmail.com,Ty Data Science
ans_T012_30,T012,30.0,Saloni Tiwari,collegeemail0017@gmail.com,Ty Data Science
ans_T013_01,T013,1.0,Suhani Mishra,collegeemail0017@gmail.com,Fy Computer Science
ans_T013_02,T013,2.0,Aditya Sharma,collegeemail0017@gmail.com,Fy Computer Science
ans_T013_03,T013,3.0,Radhika Shelke,collegeemail0017@gmail.com,Fy Computer Science
ans_T013_04,T013,4.0,Aashima Sinha,collegeemail0017@gmail.com,Fy Computer Science
ans_T013_05,T013,5.0,Riddhima Sahni,collegeemail0017@gmail.com,Fy Computer Science
ans_T013_06,T013,6.0,Bhavesh Donde,collegeemail0017@gmail.com,Fy Computer Science
ans_T013_07,T013,7.0,Ankush Raj,collegeemail0017@gmail.com,Fy Computer Science
ans_T013_08,T013,8.0,Deepali Surve,collegeemail0017@gmail.com,Fy Computer Science
ans_T013_09,T013,9.0,Anushka Bhatia,collegeemail0017@gmail.com,Fy Computer Science
ans_T013_10,T013,10.0,Ashish Bhatia,collegeemail0017@gmail.com,Fy Computer Science
ans_T013_11,T013,11.0,Gurmeet Singh,collegeemail0017@gmail.com,Fy Computer Science
ans_T013_12,T013,12.0,Racheta Saxena,collegeemail0017@gmail.com,Fy Computer Science
ans_T013_13,T013,13.0,yuvraj Vohra,collegeemail0017@gmail.com,Fy Computer Science
ans_T013_14,T013,14.0,Karthik Bhagat,collegeemail0017@gmail.com,Fy Computer Science
ans_T013_15,T013,15.0,Arpit Gaur,collegeemail0017@gmail.com,Fy Computer Science
ans_T013_16,T013,16.0,Akash Shrivastav,collegeemail0017@gmail.com,Fy Computer Science
ans_T013_17,T013,17.0,Rahul Awasthi,collegeemail0017@gmail.com,Fy Computer Science
ans_T013_18,T013,18.0,Nikhil Desai,collegeemail0017@gmail.com,Fy Computer Science
ans_T013_19,T013,19.0,Kirti Mishra,collegeemail0017@gmail.com,Fy Computer Science
ans_T013_20,T013,20.0,Parth Patel,collegeemail0017@gmail.com,Fy Computer Science
ans_T013_21,T013,21.0,Harmeet Singh,collegeemail0017@gmail.com,Fy Computer Science
ans_T013_22,T013,22.0,Khushi Padda,collegeemail0017@gmail.com,Fy Computer Science
ans_T013_23,T013,23.0,Anushka Mitra,collegeemail0017@gmail.com,Fy Computer Science
ans_T013_24,T013,24.0,Rahul Ghodpe,collegeemail0017@gmail.com,Fy Computer Science
ans_T013_25,T013,25.0,Karan Ahuja,collegeemail0017@gmail.com,Fy Computer Science
ans_T013_26,T013,26.0,Ankit Tiwari,collegeemail0017@gmail.com,Fy Computer Science
ans_T013_27,T013,27.0,Lushna komre,collegeemail0017@gmail.com,Fy Computer Science
ans_T013_28,T013,28.0,Riddhima gil,collegeemail0017@gmail.com,Fy Computer Science
ans_T013_29,T013,29.0,Aniket Shelke,collegeemail0017@gmail.com,Fy Computer Science
ans_T013_30,T013,30.0,Chetan Sharma,collegeemail0017@gmail.com,Fy Computer Science
ans_T014_01,T014,1.0,Akash Shrivastav,collegeemail0017@gmail.com,Sy -AI
ans_T014_02,T014,2.0,Anku Singh,collegeemail0017@gmail.com,Sy -AI
ans_T014_03,T014,3.0,Sonali shinde,collegeemail0017@gmail.com,Sy -AI
ans_T014_04,T014,4.0,Girish DondeRoll,collegeemail0017@gmail.com,Sy -AI
ans_T014_05,T014,5.0,Dhruv Mishra,collegeemail0017@gmail.com,Sy -AI
ans_T014_06,T014,6.0,Saniya Sheikh,collegeemail0017@gmail.com,Sy -AI
ans_T014_07,T014,7.0,Anjali Pandey,collegeemail0017@gmail.com,Sy -AI
ans_T014_08,T014,8.0,Nehal Verma,collegeemail0017@gmail.com,Sy -AI
ans_T014_09,T014,9.0,Akash Kukreja,collegeemail0017@gmail.com,Sy -AI
ans_T014_10,T014,10.0,Puneet Shrivastav,collegeemail0017@gmail.com,Sy -AI
ans_T014_11,T014,11.0,Ashitosh Kulkarni,collegeemail0017@gmail.com,Sy -AI
ans_T014_12,T014,12.0,Tanu Singh,collegeemail0017@gmail.com,Sy -AI
ans_T014_13,T014,13.0,Akshara Mehta,collegeemail0017@gmail.com,Sy -AI
ans_T014_14,T014,14.0,Sharleen Rawat,collegeemail0017@gmail.com,Sy -AI
ans_T014_15,T014,15.0,Yogesh Rajput,collegeemail0017@gmail.com,Sy -AI
ans_T014_16,T014,16.0,Ameesha Singh,collegeemail0017@gmail.com,Sy -AI
ans_T014_17,T014,17.0,Aniket Rawat,collegeemail0017@gmail.com,Sy -AI
ans_T014_18,T014,18.0,Shraddha Tiwari,collegeemail0017@gmail.com,Sy -AI
ans_T014_19,T014,19.0,Neha Bedi,collegeemail0017@gmail.com,Sy -AI
ans_T014_20,T014,20.0,Ashneer Mehta,collegeemail0017@gmail.com,Sy -AI
ans_T014_21,T014,21.0,Akruti Sahni,collegeemail0017@gmail.com,Sy -AI
ans_T014_22,T014,22.0,Riya Shrivastav,collegeemail0017@gmail.com,Sy -AI
ans_T014_23,T014,23.0,Rani Kukreja,collegeemail0017@gmail.com,Sy -AI
ans_T014_24,T014,24.0,Girish jaiswal,collegeemail0017@gmail.com,Sy -AI
ans_T014_25,T014,25.0,Pushkar Pandey,collegeemail0017@gmail.com,Sy -AI
ans_T014_26,T014,26.0,Esha Mishra,collegeemail0017@gmail.com,Sy -AI
ans_T014_27,T014,27.0,Akshay Donde,collegeemail0017@gmail.com,Sy -AI
ans_T014_28,T014,28.0,Aarush patel,collegeemail0017@gmail.com,Sy -AI
ans_T014_29,T014,29.0,Snehal shinde,collegeemail0017@gmail.com,Sy -AI
ans_T014_30,T014,30.0,Ajeet sharma,collegeemail0017@gmail.com,Sy -AI
ans_T015_01,T015,1.0,Anjali Bendre,collegeemail0017@gmail.com,SY
ans_T015_02,T015,2.0,Aleesha Singh,collegeemail0017@gmail.com,SY
ans_T015_03,T015,3.0,Madhuri Saxena,collegeemail0017@gmail.com,SY
ans_T015_04,T015,4.0,Santosh Pandey,collegeemail0017@gmail.com,SY
ans_T015_05,T015,5.0,Kritika Pardeshi,collegeemail0017@gmail.com,SY
ans_T015_06,T015,6.0,Soniya Singh,collegeemail0017@gmail.com,SY
ans_T015_07,T015,7.0,Harpreet Handa,collegeemail0017@gmail.com,SY
ans_T015_08,T015,8.0,Nandini Donde,collegeemail0017@gmail.com,SY
ans_T015_09,T015,9.0,Priyanka Shrivastav,collegeemail0017@gmail.com,SY
ans_T015_10,T015,10.0,Rohit Tiwari,collegeemail0017@gmail.com,SY
ans_T015_11,T015,11.0,Bishal Jaiswal,collegeemail0017@gmail.com,SY
ans_T015_12,T015,12.0,Vedshree Tripathi,collegeemail0017@gmail.com,SY
ans_T015_13,T015,13.0,Anjali Singh,collegeemail0017@gmail.com,SY
ans_T015_14,T015,14.0,Ranjanna Ahire,collegeemail0017@gmail.com,SY
ans_T015_15,T015,15.0,Samiksha hedge,collegeemail0017@gmail.com,SY
ans_T015_16,T015,16.0,Radhika Kulkarni,collegeemail0017@gmail.com,SY
ans_T015_17,T015,17.0,Krishna Pardeshi,collegeemail0017@gmail.com,SY
ans_T015_18,T015,18.0,Kajal Kanojia,collegeemail0017@gmail.com,SY
ans_T015_19,T015,19.0,Sushma Trivedi,collegeemail0017@gmail.com,SY
ans_T015_20,T015,20.0,Arjun Chaturvedi,collegeemail0017@gmail.com,SY
ans_T015_21,T015,21.0,Ishita Mehta,collegeemail0017@gmail.com,SY
ans_T015_22,T015,22.0,Mukta Gaikwad,collegeemail0017@gmail.com,SY
ans_T015_23,T015,23.0,Priyanshu Bhushan,collegeemail0017@gmail.com,SY
ans_T015_24,T015,24.0,Sonakshi Prajapati,collegeemail0017@gmail.com,SY
ans_T015_25,T015,25.0,Gaytri Shrivastav,collegeemail0017@gmail.com,SY
ans_T015_26,T015,26.0,Lalit Choudhary,collegeemail0017@gmail.com,SY
ans_T015_27,T015,27.0,Lalit Trivedi,collegeemail0017@gmail.com,SY
ans_T015_28,T015,28.0,Ankit Tiwari,collegeemail0017@gmail.com,SY
ans_T015_29,T015,29.0,Gurnaam Singh,collegeemail0017@gmail.com,SY
ans_T015_30,T015,30.0,Girish kumar,collegeemail0017@gmail.com,SY
ans_T016_01,T016,1.0,adarsh kulkarni,collegeemail0017@gmail.com,FY-IT
ans_T016_02,T016,2.0,kavita deshmukh,collegeemail0017@gmail.com,FY-IT
ans_T016_03,T016,3.0,aman tripathi,collegeemail0017@gmail.com,FY-IT
ans_T016_04,T016,4.0,Ishika joshi,collegeemail0017@gmail.com,FY-IT
ans_T016_05,T016,5.0,Roshni mehta,collegeemail0017@gmail.com,FY-IT
ans_T016_06,T016,6.0,sushmita sahni,collegeemail0017@gmail.com,FY-IT
ans_T016_07,T016,7.0,arpit gaur,collegeemail0017@gmail.com,FY-IT
ans_T016_08,T016,8.0,Ritam chakraborty,collegeemail0017@gmail.com,FY-IT
ans_T016_09,T016,9.0,rshankar Chaudhary,collegeemail0017@gmail.com,FY-IT
ans_T016_10,T016,10.0,soumik roy,collegeemail0017@gmail.com,FY-IT
ans_T016_11,T016,11.0,snehal patil,collegeemail0017@gmail.com,FY-IT
ans_T016_12,T016,12.0,Trisha banerjee,collegeemail0017@gmail.com,FY-IT
ans_T016_13,T016,13.0,Aditya pal,collegeemail0017@gmail.com,FY-IT
ans_T016_14,T016,14.0,Anshika shinde,collegeemail0017@gmail.com,FY-IT
ans_T016_15,T016,15.0,alisha christ,collegeemail0017@gmail.com,FY-IT
ans_T016_16,T016,16.0,Anshika shinde,collegeemail0017@gmail.com,FY-IT
ans_T016_17,T016,17.0,sanket khede,collegeemail0017@gmail.com,FY-IT
ans_T016_18,T016,18.0,Ritesh jaikar,collegeemail0017@gmail.com,FY-IT
ans_T016_19,T016,19.0,asaniya merchant,collegeemail0017@gmail.com,FY-IT
ans_T016_20,T016,20.0,sayan bhattacharjee,collegeemail0017@gmail.com,FY-IT
ans_T016_21,T016,21.0,ritesh bhatia,collegeemail0017@gmail.com,FY-IT
ans_T016_22,T016,22.0,laxman verma,collegeemail0017@gmail.com,FY-IT
ans_T016_23,T016,23.0,Saniya mehta,collegeemail0017@gmail.com,FY-IT
ans_T016_24,T016,24.0,Sheetal sonawane,collegeemail0017@gmail.com,FY-IT
ans_T016_25,T016,25.0,riya chakraborty,collegeemail0017@gmail.com,FY-IT
ans_T016_26,T016,26.0,Saniya mehta,collegeemail0017@gmail.com,FY-IT
ans_T016_27,T016,27.0,sanchita dey,collegeemail0017@gmail.com,FY-IT
ans_T016_28,T016,28.0,komal rathi,collegeemail0017@gmail.com,FY-IT
ans_T016_29,T016,29.0,ranjeet joshi,collegeemail0017@gmail.com,FY-IT
ans_T016_30,T016,30.0,Harini Nair,collegeemail0017@gmail.com,FY-IT
ans_T017_01,T017,1.0,Nisha thadani,collegeemail0017@gmail.com,TY-Data science
ans_T017_02,T017,2.0,Lushna thadani,collegeemail0017@gmail.com,TY-Data science
ans_T017_03,T017,3.0,Saniya malhotra,collegeemail0017@gmail.com,TY-Data science
ans_T017_04,T017,4.0,aanandi rathod,collegeemail0017@gmail.com,TY-Data science
ans_T017_05,T017,5.0,karan joshi,collegeemail0017@gmail.com,TY-Data science
ans_T017_06,T017,6.0,anshika ahire,collegeemail0017@gmail.com,TY-Data science
ans_T017_07,T017,7.0,Aasma Sheikh,collegeemail0017@gmail.com,TY-Data science
ans_T017_08,T017,8.0,Neha chabriya,collegeemail0017@gmail.com,TY-Data science
ans_T017_09,T017,9.0,Ankit kumar,collegeemail0017@gmail.com,TY-Data science
ans_T017_10,T017,10.0,himanshu khurrana,collegeemail0017@gmail.com,TY-Data science
ans_T017_11,T017,11.0,sushma bedi,collegeemail0017@gmail.com,TY-Data science
ans_T017_12,T017,12.0,pragati mehta,collegeemail0017@gmail.com,TY-Data science
ans_T017_13,T017,13.0,Ashwini shindi,collegeemail0017@gmail.com,TY-Data science
ans_T017_14,T017,14.0,Priya shrivastav,collegeemail0017@gmail.com,TY-Data science
ans_T017_15,T017,15.0,Shobhita Merchant,collegeemail0017@gmail.com,TY-Data science
ans_T017_16,T017,16.0,Ram Jaiswal,collegeemail0017@gmail.com,TY-Data science
ans_T017_17,T017,17.0,mohan singh,collegeemail0017@gmail.com,TY-Data science
ans_T017_18,T017,18.0,Priya thadani,collegeemail0017@gmail.com,TY-Data science
ans_T017_19,T017,19.0,madhuri bendre,collegeemail0017@gmail.com,TY-Data science
ans_T017_20,T017,20.0,shreyash pawar,collegeemail0017@gmail.com,TY-Data science
ans_T017_21,T017,21.0,Alok pamdey,collegeemail0017@gmail.com,TY-Data science
ans_T017_22,T017,22.0,shubhanshu mishra,collegeemail0017@gmail.com,TY-Data science
ans_T017_23,T017,23.0,Krish shrivastav,collegeemail0017@gmail.com,TY-Data science
ans_T017_24,T017,24.0,aman singh,collegeemail0017@gmail.com,TY-Data science
ans_T017_25,T017,25.0,Ritesh mohan,collegeemail0017@gmail.com,TY-Data science
ans_T017_26,T017,26.0,Ankit Tiwari,collegeemail0017@gmail.com,TY-Data science
ans_T017_27,T017,27.0,kumar singh,collegeemail0017@gmail.com,TY-Data science
ans_T017_28,T017,28.0,Anju bijlani,collegeemail0017@gmail.com,TY-Data science
ans_T017_29,T017,29.0,Faizan Sheikh,collegeemail0017@gmail.com,TY-Data science
ans_T017_30,T017,30.0,Sumeet mishra,collegeemail0017@gmail.com,TY-Data science
ans_T018_01,T018,1.0,Nikhil rathore,collegeemail0017@gmail.com,TY-CS
ans_T018_02,T018,2.0,Arnind Khedekar,collegeemail0017@gmail.com,TY-CS
ans_T018_03,T018,3.0,Deepali wagh,collegeemail0017@gmail.com,TY-CS
ans_T018_04,T018,4.0,chirag bansal,collegeemail0017@gmail.com,TY-CS
ans_T018_05,T018,5.0,varsha more,collegeemail0017@gmail.com,TY-CS
ans_T018_06,T018,6.0,sagar patankar,collegeemail0017@gmail.com,TY-CS
ans_T018_07,T018,7.0,shantanu bhargav,collegeemail0017@gmail.com,TY-CS
ans_T018_08,T018,8.0,Kartik sawant,collegeemail0017@gmail.com,TY-CS
ans_T018_09,T018,9.0,Poonam salvi,collegeemail0017@gmail.com,TY-CS
ans_T018_10,T018,10.0,kiran pawar,collegeemail0017@gmail.com,TY-CS
ans_T018_11,T018,11.0,anmol skhelkhe,collegeemail0017@gmail.com,TY-CS
ans_T018_12,T018,12.0,pranay thakur,collegeemail0017@gmail.com,TY-CS
ans_T018_13,T018,13.0,pinky desai,collegeemail0017@gmail.com,TY-CS
ans_T018_14,T018,14.0,Arpit gaur,collegeemail0017@gmail.com,TY-CS
ans_T018_15,T018,15.0,tapan basu,collegeemail0017@gmail.com,TY-CS
ans_T018_16,T018,16.0,Ranmeet singh,collegeemail0017@gmail.com,TY-CS
ans_T018_17,T018,17.0,Priyanka joshi,collegeemail0017@gmail.com,TY-CS
ans_T018_18,T018,18.0,Rahul Awasthi,collegeemail0017@gmail.com,TY-CS
ans_T018_19,T018,19.0,Nikhil desai,collegeemail0017@gmail.com,TY-CS
ans_T018_20,T018,20.0,Manjeet singh,collegeemail0017@gmail.com,TY-CS
ans_T018_21,T018,21.0,Jayesh more,collegeemail0017@gmail.com,TY-CS
ans_T018_22,T018,22.0,Harshad kamble,collegeemail0017@gmail.com,TY-CS
ans_T018_23,T018,23.0,sweta barve,collegeemail0017@gmail.com,TY-CS
ans_T018_24,T018,24.0,komal jagtap,collegeemail0017@gmail.com,TY-CS
ans_T018_25,T018,25.0,Tejas bhalerao,collegeemail0017@gmail.com,TY-CS
ans_T018_26,T018,26.0,Manvi dalvi,collegeemail0017@gmail.com,TY-CS
ans_T018_27,T018,27.0,sanam sheikh,collegeemail0017@gmail.com,TY-CS
ans_T018_28,T018,28.0,Ruchika khandekar,collegeemail0017@gmail.com,TY-CS
ans_T018_29,T018,29.0,Tanisha malhotra,collegeemail0017@gmail.com,TY-CS
ans_T018_30,T018,30.0,payal sakhre,collegeemail0017@gmail.com,TY-CS
ans_T019_01,T019,1.0,sanket ovhal,collegeemail0017@gmail.com,TY-Data Science
ans_T019_02,T019,2.0,Ashitosh mangal,collegeemail0017@gmail.com,TY-Data Science
ans_T019_03,T019,3.0,Pranjal Donde,collegeemail0017@gmail.com,TY-Data Science
ans_T019_04,T019,4.0,Minakshi trivedi,collegeemail0017@gmail.com,TY-Data Science
ans_T019_05,T019,5.0,Kritika Pardeshi,collegeemail0017@gmail.com,TY-Data Science
ans_T019_06,T019,6.0,Piyush rampal,collegeemail0017@gmail.com,TY-Data Science
ans_T019_07,T019,7.0,krishma singhaniya,collegeemail0017@gmail.com,TY-Data Science
ans_T019_08,T019,8.0,Kartik Tiwari,collegeemail0017@gmail.com,TY-Data Science
ans_T019_09,T019,9.0,Kaveri trivedi,collegeemail0017@gmail.com,TY-Data Science
ans_T019_10,T019,10.0,Arpita Singh,collegeemail0017@gmail.com,TY-Data Science
ans_T019_11,T019,11.0,Subhanshu chakraborty,collegeemail0017@gmail.com,TY-Data Science
ans_T019_12,T019,12.0,Ashwini parab,collegeemail0017@gmail.com,TY-Data Science
ans_T019_13,T019,13.0,Sakshi Donde,collegeemail0017@gmail.com,TY-Data Science
ans_T019_14,T019,14.0,Kiran sahni,collegeemail0017@gmail.com,TY-Data Science
ans_T019_15,T019,15.0,Riya Chaudhary,collegeemail0017@gmail.com,TY-Data Science
ans_T019_16,T019,16.0,Aarush phalkhe,collegeemail0017@gmail.com,TY-Data Science
ans_T019_17,T019,17.0,Rohit Tiwari,collegeemail0017@gmail.com,TY-Data Science
ans_T019_18,T019,18.0,Sauranch ahuja,collegeemail0017@gmail.com,TY-Data Science
ans_T019_19,T019,19.0,Samiksha Hegde,collegeemail0017@gmail.com,TY-Data Science
ans_T019_20,T019,20.0,Komal Chaudhary,collegeemail0017@gmail.com,TY-Data Science
ans_T019_21,T019,21.0,Aashika purswani,collegeemail0017@gmail.com,TY-Data Science
ans_T019_22,T019,22.0,Rahul Singh,collegeemail0017@gmail.com,TY-Data Science
ans_T019_23,T019,23.0,Sanskruti parab,collegeemail0017@gmail.com,TY-Data Science
ans_T019_24,T019,24.0,Ramnik Ahire,collegeemail0017@gmail.com,TY-Data Science
ans_T019_25,T019,25.0,nidhi verma,collegeemail0017@gmail.com,TY-Data Science
ans_T019_26,T019,26.0,Anjali prakash,collegeemail0017@gmail.com,TY-Data Science
ans_T019_27,T019,27.0,anshika Pardeshi,collegeemail0017@gmail.com,TY-Data Science
ans_T019_28,T019,28.0,Tanmay rathore,collegeemail0017@gmail.com,TY-Data Science
ans_T019_29,T019,29.0,Sushil mangal,collegeemail0017@gmail.com,TY-Data Science
ans_T019_30,T019,30.0,Kriti jadhav,collegeemail0017@gmail.com,TY-Data Science
ans_T020_01,T020,1.0,Himanshu sharma,collegeemail0017@gmail.com,FY-Data Science
ans_T020_02,T020,2.0,Pranjal mishra,collegeemail0017@gmail.com,FY-Data Science
ans_T020_03,T020,3.0,Kinjal mehta,collegeemail0017@gmail.com,FY-Data Science
ans_T020_04,T020,4.0,Anjali bendre,collegeemail0017@gmail.com,FY-Data Science
ans_T020_05,T020,5.0,kartik donde,collegeemail0017@gmail.com,FY-Data Science
ans_T020_06,T020,6.0,akshay pal,collegeemail0017@gmail.com,FY-Data Science
ans_T020_07,T020,7.0,Diksha pal,collegeemail0017@gmail.com,FY-Data Science
ans_T020_08,T020,8.0,Lalit tiwari,collegeemail0017@gmail.com,FY-Data Science
ans_T020_09,T020,9.0,preeti joshi,collegeemail0017@gmail.com,FY-Data Science
ans_T020_10,T020,10.0,Maahi daundkar,collegeemail0017@gmail.com,FY-Data Science
ans_T020_11,T020,11.0,Alandi pandey,collegeemail0017@gmail.com,FY-Data Science
ans_T020_12,T020,12.0,Dimple sahni,collegeemail0017@gmail.com,FY-Data Science
ans_T020_13,T020,13.0,kavya pal,collegeemail0017@gmail.com,FY-Data Science
ans_T020_14,T020,14.0,Kartik sharma,collegeemail0017@gmail.com,FY-Data Science
ans_T020_15,T020,15.0,Maahi soni,collegeemail0017@gmail.com,FY-Data Science
ans_T020_16,T020,16.0,Garima sen,collegeemail0017@gmail.com,FY-Data Science
ans_T020_17,T020,17.0,Pratik sharma,collegeemail0017@gmail.com,FY-Data Science
ans_T020_18,T020,18.0,Raj mehta,collegeemail0017@gmail.com,FY-Data Science
ans_T020_19,T020,19.0,Malini shah,collegeemail0017@gmail.com,FY-Data Science
ans_T020_20,T020,20.0,Anjeet pal,collegeemail0017@gmail.com,FY-Data Science
ans_T020_21,T020,21.0,Karishma singh,collegeemail0017@gmail.com,FY-Data Science
ans_T020_22,T020,22.0,Dimple singh,collegeemail0017@gmail.com,FY-Data Science
ans_T020_23,T020,23.0,Anuj joshi,collegeemail0017@gmail.com,FY-Data Science
ans_T020_24,T020,24.0,Raahil daundkar,collegeemail0017@gmail.com,FY-Data Science
ans_T020_25,T020,25.0,akshay mehta,collegeemail0017@gmail.com,FY-Data Science
ans_T020_26,T020,26.0,kanchan bendre,collegeemail0017@gmail.com,FY-Data Science
ans_T020_27,T020,27.0,Madhuri donde,collegeemail0017@gmail.com,FY-Data Science
ans_T020_28,T020,28.0,Karan mehta,collegeemail0017@gmail.com,FY-Data Science
ans_T020_29,T020,29.0,Anushka mittal,collegeemail0017@gmail.com,FY-Data Science
ans_T020_30,T020,30.0,Himanshu prajapati,collegeemail0017@gmail.com,FY-Data Science
ans_T021_01,T021,1.0,Kartiki Pardeshi,collegeemail0017@gmail.com,FY-IT
ans_T021_02,T021,2.0,alisha chhabriya,collegeemail0017@gmail.com,FY-IT
ans_T021_03,T021,3.0,yash shinde,collegeemail0017@gmail.com,FY-IT
ans_T021_04,T021,4.0,Rahul patel,collegeemail0017@gmail.com,FY-IT
ans_T021_05,T021,5.0,khanika singh,collegeemail0017@gmail.com,FY-IT
ans_T021_06,T021,6.0,abhishekh rane,collegeemail0017@gmail.com,FY-IT
ans_T021_07,T021,7.0,ranjeet mehta,collegeemail0017@gmail.com,FY-IT
ans_T021_08,T021,8.0,ramesh gupta,collegeemail0017@gmail.com,FY-IT
ans_T021_09,T021,9.0,Vinit roshan,collegeemail0017@gmail.com,FY-IT
ans_T021_10,T021,10.0,kashmira mehta,collegeemail0017@gmail.com,FY-IT
ans_T021_11,T021,11.0,manku sharma,collegeemail0017@gmail.com,FY-IT
ans_T021_12,T021,12.0,preeti singh,collegeemail0017@gmail.com,FY-IT
ans_T021_13,T021,13.0,nitesh meheshram,collegeemail0017@gmail.com,FY-IT
ans_T021_14,T021,14.0,Amrita Sen,collegeemail0017@gmail.com,FY-IT
ans_T021_15,T021,15.0,kiran shrivastav,collegeemail0017@gmail.com,FY-IT
ans_T021_16,T021,16.0,Shreya patil,collegeemail0017@gmail.com,FY-IT
ans_T021_17,T021,17.0,mrunal Sen,collegeemail0017@gmail.com,FY-IT
ans_T021_18,T021,18.0,Aayush Mehta,collegeemail0017@gmail.com,FY-IT
ans_T021_19,T021,19.0,pravin sharma,collegeemail0017@gmail.com,FY-IT
ans_T021_20,T021,20.0,Gurmeet Singh,collegeemail0017@gmail.com,FY-IT
ans_T021_21,T021,21.0,Sonam shinde,collegeemail0017@gmail.com,FY-IT
ans_T021_22,T021,22.0,pranjal vohra,collegeemail0017@gmail.com,FY-IT
ans_T021_23,T021,23.0,preeti  khanna,collegeemail0017@gmail.com,FY-IT
ans_T021_24,T021,24.0,piyush khanna,collegeemail0017@gmail.com,FY-IT
ans_T021_25,T021,25.0,komalika mehta,collegeemail0017@gmail.com,FY-IT
ans_T021_26,T021,26.0,sumit harote,collegeemail0017@gmail.com,FY-IT
ans_T021_27,T021,27.0,ankit komre,collegeemail0017@gmail.com,FY-IT
ans_T021_28,T021,28.0,rima rohara,collegeemail0017@gmail.com,FY-IT
ans_T021_29,T021,29.0,kavya bijlani,collegeemail0017@gmail.com,FY-IT
ans_T021_30,T021,30.0,Rekha mittal,collegeemail0017@gmail.com,FY-IT
ans_T022_01,T022,1.0,parmeet sahni,collegeemail0017@gmail.com,FY-IT
ans_T022_02,T022,2.0,samruddhi chauhan,collegeemail0017@gmail.com,FY-IT
ans_T022_03,T022,3.0,priya singh,collegeemail0017@gmail.com,FY-IT
ans_T022_04,T022,4.0,sanika kamble,collegeemail0017@gmail.com,FY-IT
ans_T022_05,T022,5.0,pranay mishra,collegeemail0017@gmail.com,FY-IT
ans_T022_06,T022,6.0,laxshay pal,collegeemail0017@gmail.com,FY-IT
ans_T022_07,T022,7.0,Ramnik kukreja,collegeemail0017@gmail.com,FY-IT
ans_T022_08,T022,8.0,karan pawar,collegeemail0017@gmail.com,FY-IT
ans_T022_09,T022,9.0,latika rane,collegeemail0017@gmail.com,FY-IT
ans_T022_10,T022,10.0,pinky paswan,collegeemail0017@gmail.com,FY-IT
ans_T022_11,T022,11.0,sakshi kamble,collegeemail0017@gmail.com,FY-IT
ans_T022_12,T022,12.0,sanket solanki,collegeemail0017@gmail.com,FY-IT
ans_T022_13,T022,13.0,kaanchan shah,collegeemail0017@gmail.com,FY-IT
ans_T022_14,T022,14.0,ramkrishna chauhan,collegeemail0017@gmail.com,FY-IT
ans_T022_15,T022,15.0,raman jaiswal,collegeemail0017@gmail.com,FY-IT
ans_T022_16,T022,16.0,pravin mishra,collegeemail0017@gmail.com,FY-IT
ans_T022_17,T022,17.0,karishma kukreja,collegeemail0017@gmail.com,FY-IT
ans_T022_18,T022,18.0,khushi kukreja,collegeemail0017@gmail.com,FY-IT
ans_T022_19,T022,19.0,lalit choudhary,collegeemail0017@gmail.com,FY-IT
ans_T022_20,T022,20.0,Sandeep mishra,collegeemail0017@gmail.com,FY-IT
ans_T022_21,T022,21.0,Vicky sen,collegeemail0017@gmail.com,FY-IT
ans_T022_22,T022,22.0,kanchan kumar,collegeemail0017@gmail.com,FY-IT
ans_T022_23,T022,23.0,madhavi rane,collegeemail0017@gmail.com,FY-IT
ans_T022_24,T022,24.0,riya roy,collegeemail0017@gmail.com,FY-IT
ans_T022_25,T022,25.0,lushna roy,collegeemail0017@gmail.com,FY-IT
ans_T022_26,T022,26.0,Ritik saahu,collegeemail0017@gmail.com,FY-IT
ans_T022_27,T022,27.0,Akshay Rajput,collegeemail0017@gmail.com,FY-IT
ans_T022_28,T022,28.0,Aryan kumar,collegeemail0017@gmail.com,FY-IT
ans_T022_29,T022,29.0,ashish pawar,collegeemail0017@gmail.com,FY-IT
ans_T022_30,T022,30.0,Ashitosh mittal,collegeemail0017@gmail.com,FY-IT
ans_T023_01,T023,1.0,Shiksha saahu,collegeemail0017@gmail.com,FY-IT
ans_T023_02,T023,2.0,Raha sen,collegeemail0017@gmail.com,FY-IT
ans_T023_03,T023,3.0,kavita shinde,collegeemail0017@gmail.com,FY-IT
ans_T023_04,T023,4.0,sakshi shinde,collegeemail0017@gmail.com,FY-IT
ans_T023_05,T023,5.0,kaanchan roy,collegeemail0017@gmail.com,FY-IT
ans_T023_06,T023,6.0,Santosh Ahire,collegeemail0017@gmail.com,FY-IT
ans_T023_07,T023,7.0,shilpa shinde,collegeemail0017@gmail.com,FY-IT
ans_T023_08,T023,8.0,Vedehi Tripathi,collegeemail0017@gmail.com,FY-IT
ans_T023_09,T023,9.0,Gurmeet sahni,collegeemail0017@gmail.com,FY-IT
ans_T023_10,T023,10.0,Sohil tike,collegeemail0017@gmail.com,FY-IT
ans_T023_11,T023,11.0,Rahul tike,collegeemail0017@gmail.com,FY-IT
ans_T023_12,T023,12.0,Om Prakash,collegeemail0017@gmail.com,FY-IT
ans_T023_13,T023,13.0,Sanket shirke,collegeemail0017@gmail.com,FY-IT
ans_T023_14,T023,14.0,Shaurya Rane,collegeemail0017@gmail.com,FY-IT
ans_T023_15,T023,15.0,Kiara Roy,collegeemail0017@gmail.com,FY-IT
ans_T023_16,T023,16.0,Shraddha paswan,collegeemail0017@gmail.com,FY-IT
ans_T023_17,T023,17.0,Laavanya sahni,collegeemail0017@gmail.com,FY-IT
ans_T023_18,T023,18.0,Shravan shelkhe,collegeemail0017@gmail.com,FY-IT
ans_T023_19,T023,19.0,Pranjal saathe,collegeemail0017@gmail.com,FY-IT
ans_T023_20,T023,20.0,lalit choudhary,collegeemail0017@gmail.com,FY-IT
ans_T023_21,T023,21.0,Veer Singh,collegeemail0017@gmail.com,FY-IT
ans_T023_22,T023,22.0,pritam khair,collegeemail0017@gmail.com,FY-IT
ans_T023_23,T023,23.0,Dev Tripathi,collegeemail0017@gmail.com,FY-IT
ans_T023_24,T023,24.0,Sonali khavnekar,collegeemail0017@gmail.com,FY-IT
ans_T023_25,T023,25.0,Ramesh jadhav,collegeemail0017@gmail.com,FY-IT
ans_T023_26,T023,26.0,Kanchan Ahire,collegeemail0017@gmail.com,FY-IT
ans_T023_27,T023,27.0,Ramesh gaikwad,collegeemail0017@gmail.com,FY-IT
ans_T023_28,T023,28.0,Purnima gaikwad,collegeemail0017@gmail.com,FY-IT
ans_T023_29,T023,29.0,Tapan sen,collegeemail0017@gmail.com,FY-IT
ans_T023_30,T023,30.0,Preeti singh,collegeemail0017@gmail.com,FY-IT
ans_T024_01,T024,1.0,Ishaan kuldeep,collegeemail0017@gmail.com,FY
ans_T024_02,T024,2.0,rahul tilak,collegeemail0017@gmail.com,FY
ans_T024_03,T024,3.0,shipa moray,collegeemail0017@gmail.com,FY
ans_T024_04,T024,4.0,Nitin datar,collegeemail0017@gmail.com,FY
ans_T024_05,T024,5.0,vinayak joshi,collegeemail0017@gmail.com,FY
ans_T024_06,T024,6.0,Anant seni,collegeemail0017@gmail.com,FY
ans_T024_07,T024,7.0,faizan sheikh,collegeemail0017@gmail.com,FY
ans_T024_08,T024,8.0,tanya mehra,collegeemail0017@gmail.com,FY
ans_T024_09,T024,9.0,Mahira khan,collegeemail0017@gmail.com,FY
ans_T024_10,T024,10.0,Rohit kapse,collegeemail0017@gmail.com,FY
ans_T024_11,T024,11.0,Devansh kapur,collegeemail0017@gmail.com,FY
ans_T024_12,T024,12.0,Ishita rathi,collegeemail0017@gmail.com,FY
ans_T024_13,T024,13.0,aneet jha,collegeemail0017@gmail.com,FY
ans_T024_14,T024,14.0,kavya singh,collegeemail0017@gmail.com,FY
ans_T024_15,T024,15.0,Prerna tilak,collegeemail0017@gmail.com,FY
ans_T024_16,T024,16.0,mishit jha,collegeemail0017@gmail.com,FY
ans_T024_17,T024,17.0,pinky singh,collegeemail0017@gmail.com,FY
ans_T024_18,T024,18.0,saurav jha,collegeemail0017@gmail.com,FY
ans_T024_19,T024,19.0,sunita rathi,collegeemail0017@gmail.com,FY
ans_T024_20,T024,20.0,madhuri roy,collegeemail0017@gmail.com,FY
ans_T024_21,T024,21.0,dinky roy,collegeemail0017@gmail.com,FY
ans_T024_22,T024,22.0,Reema khan,collegeemail0017@gmail.com,FY
ans_T024_23,T024,23.0,Michael fernez,collegeemail0017@gmail.com,FY
ans_T024_24,T024,24.0,shiksha more,collegeemail0017@gmail.com,FY
ans_T024_25,T024,25.0,Prashant gune,collegeemail0017@gmail.com,FY
ans_T024_26,T024,26.0,madhurima sen,collegeemail0017@gmail.com,FY
ans_T024_27,T024,27.0,faiz sheikh,collegeemail0017@gmail.com,FY
ans_T024_28,T024,28.0,bhagyashree kulkarni,collegeemail0017@gmail.com,FY
ans_T024_29,T024,29.0,rakesh bendre,collegeemail0017@gmail.com,FY
ans_T024_30,T024,30.0,Pankaj more,collegeemail0017@gmail.com,FY
ans_T025_01,T025,1.0,Raghav meshram,collegeemail0017@gmail.com,TY-Computer Science
ans_T025_02,T025,2.0,aman sharma,collegeemail0017@gmail.com,TY-Computer Science
ans_T025_03,T025,3.0,Saniya  sharma,collegeemail0017@gmail.com,TY-Computer Science
ans_T025_04,T025,4.0,latika ashok,collegeemail0017@gmail.com,TY-Computer Science
ans_T025_05,T025,5.0,Anjali prakash,collegeemail0017@gmail.com,TY-Computer Science
ans_T025_06,T025,6.0,payal mishra,collegeemail0017@gmail.com,TY-Computer Science
ans_T025_07,T025,7.0,pratiksha bansode,collegeemail0017@gmail.com,TY-Computer Science
ans_T025_08,T025,8.0,Nandini mishra,collegeemail0017@gmail.com,TY-Computer Science
ans_T025_09,T025,9.0,Hemant Surve,collegeemail0017@gmail.com,TY-Computer Science
ans_T025_10,T025,10.0,Priyanka roy,collegeemail0017@gmail.com,TY-Computer Science
ans_T025_11,T025,11.0,Rajni Mittal,collegeemail0017@gmail.com,TY-Computer Science
ans_T025_12,T025,12.0,Ramchand Tiwari,collegeemail0017@gmail.com,TY-Computer Science
ans_T025_13,T025,13.0,Sonakshi Malviya,collegeemail0017@gmail.com,TY-Computer Science
ans_T025_14,T025,14.0,Pranjal Shirke,collegeemail0017@gmail.com,TY-Computer Science
ans_T025_15,T025,15.0,Sanjana Singh,collegeemail0017@gmail.com,TY-Computer Science
ans_T025_16,T025,25.0,Lushna Saxena,collegeemail0017@gmail.com,TY-Computer Science
ans_T025_17,T025,17.0,Nandini Preetam,collegeemail0017@gmail.com,TY-Computer Science
ans_T025_18,T025,18.0,Kinjal Kumar,collegeemail0017@gmail.com,TY-Computer Science
ans_T025_19,T025,19.0,Ram yadav,collegeemail0017@gmail.com,TY-Computer Science
ans_T025_20,T025,20.0,Aradhy Singh,collegeemail0017@gmail.com,TY-Computer Science
ans_T025_21,T025,21.0,shruti sen,collegeemail0017@gmail.com,TY-Computer Science
ans_T025_22,T025,22.0,chetna pandey,collegeemail0017@gmail.com,TY-Computer Science
ans_T025_23,T025,23.0,Sachin kumar,collegeemail0017@gmail.com,TY-Computer Science
ans_T025_24,T025,24.0,sanskuti surve,collegeemail0017@gmail.com,TY-Computer Science
ans_T025_25,T025,25.0,Rishi Bharadwaj,collegeemail0017@gmail.com,TY-Computer Science
ans_T025_26,T025,26.0,Gauri sapkal,collegeemail0017@gmail.com,TY-Computer Science
ans_T025_27,T025,27.0,Rushali mehta,collegeemail0017@gmail.com,TY-Computer Science
ans_T025_28,T025,28.0,Suraj Mittal,collegeemail0017@gmail.com,TY-Computer Science
ans_T025_29,T025,29.0,Bijesh prajan,collegeemail0017@gmail.com,TY-Computer Science
ans_T025_30,T025,30.0,Rahul mehta,collegeemail0017@gmail.com,TY-Computer Science
ans_T026_01,T026,1.0,Kunal Malhotra,collegeemail0017@gmail.com,SY-Computer Science
ans_T026_02,T026,2.0,Komal Goyal,collegeemail0017@gmail.com,SY-Computer Science
ans_T026_03,T026,3.0,Sweta Desai,collegeemail0017@gmail.com,SY-Computer Science
ans_T026_04,T026,4.0,Pranav Joshi,collegeemail0017@gmail.com,SY-Computer Science
ans_T026_05,T026,5.0,Shalini Shrivastav,collegeemail0017@gmail.com,SY-Computer Science
ans_T026_06,T026,6.0,Mishti Shah,collegeemail0017@gmail.com,SY-Computer Science
ans_T026_07,T026,7.0,Nilesh Patil,collegeemail0017@gmail.com,SY-Computer Science
ans_T026_08,T026,8.0,Sumas Das,collegeemail0017@gmail.com,SY-Computer Science
ans_T026_09,T026,9.0,Arvind BanerjeeRoll,collegeemail0017@gmail.com,SY-Computer Science
ans_T026_10,T026,10.0,Ranjit Dutta,collegeemail0017@gmail.com,SY-Computer Science
ans_T026_11,T026,11.0,Lakshmi Meon,collegeemail0017@gmail.com,SY-Computer Science
ans_T026_12,T026,12.0,Akanksha Seni,collegeemail0017@gmail.com,SY-Computer Science
ans_T026_13,T026,13.0,Pravesh khanna,collegeemail0017@gmail.com,SY-Computer Science
ans_T026_14,T026,14.0,Samiksha khanna,collegeemail0017@gmail.com,SY-Computer Science
ans_T026_15,T026,15.0,Madhuri Raina,collegeemail0017@gmail.com,SY-Computer Science
ans_T026_16,T026,16.0,Anjali Rajput,collegeemail0017@gmail.com,SY-Computer Science
ans_T026_17,T026,17.0,Sushma Kumari,collegeemail0017@gmail.com,SY-Computer Science
ans_T026_18,T026,18.0,Lalit Choudhari,collegeemail0017@gmail.com,SY-Computer Science
ans_T026_19,T026,19.0,Suresh Sen,collegeemail0017@gmail.com,SY-Computer Science
ans_T026_20,T026,20.0,Gauri Raina,collegeemail0017@gmail.com,SY-Computer Science
ans_T026_21,T026,21.0,Pankaj Rao,collegeemail0017@gmail.com,SY-Computer Science
ans_T026_22,T026,22.0,Sonal Shah,collegeemail0017@gmail.com,SY-Computer Science
ans_T026_23,T026,23.0,Sunita Reddy,collegeemail0017@gmail.com,SY-Computer Science
ans_T026_24,T026,24.0,Anupam Joshi,collegeemail0017@gmail.com,SY-Computer Science
ans_T026_25,T026,25.0,Suman khedi,collegeemail0017@gmail.com,SY-Computer Science
ans_T026_26,T026,26.0,Pranjal Rao,collegeemail0017@gmail.com,SY-Computer Science
ans_T026_27,T026,27.0,Reshma Desai,collegeemail0017@gmail.com,SY-Computer Science
ans_T026_28,T026,28.0,Ritu Mathur,collegeemail0017@gmail.com,SY-Computer Science
ans_T026_29,T026,29.0,Sndeep Nair,collegeemail0017@gmail.com,SY-Computer Science
ans_T026_30,T026,30.0,Sanjay Malhotra,collegeemail0017@gmail.com,SY-Computer Science
ans_T027_01,T027,1.0,Nikhil rathore,collegeemail0017@gmail.com,FY
ans_T027_02,T027,2.0,Shankar patankar,collegeemail0017@gmail.com,FY
ans_T027_03,T027,3.0,payal sakhare,collegeemail0017@gmail.com,FY
ans_T027_04,T027,4.0,sushmita Barve,collegeemail0017@gmail.com,FY
ans_T027_05,T027,5.0,Tanisha malhotra,collegeemail0017@gmail.com,FY
ans_T027_06,T027,6.0,Vishal tare,collegeemail0017@gmail.com,FY
ans_T027_07,T027,7.0,Yogesh handa,collegeemail0017@gmail.com,FY
ans_T027_08,T027,8.0,Nandini tare,collegeemail0017@gmail.com,FY
ans_T027_09,T027,9.0,Anushka kamble,collegeemail0017@gmail.com,FY
ans_T027_10,T027,10.0,Raghav joshi,collegeemail0017@gmail.com,FY
ans_T027_11,T027,11.0,Payal more,collegeemail0017@gmail.com,FY
ans_T027_12,T027,12.0,Omkar jagtap,collegeemail0017@gmail.com,FY
ans_T027_13,T027,13.0,Roshni karkaar,collegeemail0017@gmail.com,FY
ans_T027_14,T027,14.0,nandini rane,collegeemail0017@gmail.com,FY
ans_T027_15,T027,15.0,Rohan verma,collegeemail0017@gmail.com,FY
ans_T027_16,T027,16.0,khushi pednekar,collegeemail0017@gmail.com,FY
ans_T027_17,T027,17.0,Kunal tawade,collegeemail0017@gmail.com,FY
ans_T027_18,T027,18.0,Arjit jagtap,collegeemail0017@gmail.com,FY
ans_T027_19,T027,19.0,Rutuja shelkhe,collegeemail0017@gmail.com,FY
ans_T027_20,T027,20.0,Rohan vohra,collegeemail0017@gmail.com,FY
ans_T027_21,T027,21.0,Aakash damle,collegeemail0017@gmail.com,FY
ans_T027_22,T027,22.0,Kartik nagar,collegeemail0017@gmail.com,FY
ans_T027_23,T027,23.0,Chetan More,collegeemail0017@gmail.com,FY
ans_T027_24,T027,24.0,Keshav Barve,collegeemail0017@gmail.com,FY
ans_T027_25,T027,25.0,Ritesh nagar,collegeemail0017@gmail.com,FY
ans_T027_26,T027,26.0,shantanu bhargav,collegeemail0017@gmail.com,FY
ans_T027_27,T027,27.0,Pradeep shukla,collegeemail0017@gmail.com,FY
ans_T027_28,T027,28.0,Payal patankar,collegeemail0017@gmail.com,FY
ans_T027_29,T027,29.0,Arvind khedekar,collegeemail0017@gmail.com,FY
ans_T027_30,T027,30.0,Sneha rathore,collegeemail0017@gmail.com,FY
ans_T028_01,T028,1.0,Alok Verma,collegeemail0017@gmail.com,SY-Information Technology
ans_T028_02,T028,2.0,Pankhuri Sharma,collegeemail0017@gmail.com,SY-Information Technology
ans_T028_03,T028,3.0,Rajesh Kumar,collegeemail0017@gmail.com,SY-Information Technology
ans_T028_04,T028,4.0,Karan jadhav,collegeemail0017@gmail.com,SY-Information Technology
ans_T028_05,T028,5.0,Saurabh Jain,collegeemail0017@gmail.com,SY-Information Technology
ans_T028_06,T028,6.0,Monika Bansal,collegeemail0017@gmail.com,SY-Information Technology
ans_T028_07,T028,7.0,Soniya Verma,collegeemail0017@gmail.com,SY-Information Technology
ans_T028_08,T028,8.0,Seema Goyal,collegeemail0017@gmail.com,SY-Information Technology
ans_T028_09,T028,9.0,Amit Arora,collegeemail0017@gmail.com,SY-Information Technology
ans_T028_10,T028,10.0,Rashmika Mathur,collegeemail0017@gmail.com,SY-Information Technology
ans_T028_11,T028,11.0,Vinod Kulkarni,collegeemail0017@gmail.com,SY-Information Technology
ans_T028_12,T028,12.0,Priya Malviya,collegeemail0017@gmail.com,SY-Information Technology
ans_T028_13,T028,13.0,Manoj Chauhan,collegeemail0017@gmail.com,SY-Information Technology
ans_T028_14,T028,14.0,Nandita Shah,collegeemail0017@gmail.com,SY-Information Technology
ans_T028_15,T028,15.0,Deepa Pillai,collegeemail0017@gmail.com,SY-Information Technology
ans_T028_16,T028,16.0,Aparna Verma,collegeemail0017@gmail.com,SY-Information Technology
ans_T028_17,T028,17.0,Rakesh Rao,collegeemail0017@gmail.com,SY-Information Technology
ans_T028_18,T028,18.0,Shantanu Iyer,collegeemail0017@gmail.com,SY-Information Technology
ans_T028_19,T028,19.0,Anjali Menon,collegeemail0017@gmail.com,SY-Information Technology
ans_T028_20,T028,20.0,Sanjay Desai,collegeemail0017@gmail.com,SY-Information Technology
ans_T028_21,T028,21.0,Nitu Gupta,collegeemail0017@gmail.com,SY-Information Technology
ans_T028_22,T028,22.0,Ritu Patel,collegeemail0017@gmail.com,SY-Information Technology
ans_T028_23,T028,23.0,Bhavna Pradhan,collegeemail0017@gmail.com,SY-Information Technology
ans_T028_24,T028,24.0,Aashish Khanna,collegeemail0017@gmail.com,SY-Information Technology
ans_T028_25,T028,25.0,Vikas Saxena,collegeemail0017@gmail.com,SY-Information Technology
ans_T028_26,T028,26.0,Neetu Choudhary,collegeemail0017@gmail.com,SY-Information Technology
ans_T028_27,T028,27.0,Suneeta Shrivastav,collegeemail0017@gmail.com,SY-Information Technology
ans_T028_28,T028,28.0,Ruchi Shrivastav,collegeemail0017@gmail.com,SY-Information Technology
ans_T028_29,T028,29.0,Ramesh Yadav,collegeemail0017@gmail.com,SY-Information Technology
ans_T028_30,T028,30.0,Gitanjali agarwal,collegeemail0017@gmail.com,SY-Information Technology
ans_T029_01,T029,1.0,Aparna khute,collegeemail0017@gmail.com,FY-IT
ans_T029_02,T029,2.0,Anoop Verma,collegeemail0017@gmail.com,FY-IT
ans_T029_03,T029,3.0,Revathi Pillai,collegeemail0017@gmail.com,FY-IT
ans_T029_04,T029,4.0,Riya Singh,collegeemail0017@gmail.com,FY-IT
ans_T029_05,T029,5.0,Amit Sinha,collegeemail0017@gmail.com,FY-IT
ans_T029_06,T029,6.0,Rohit Patil,collegeemail0017@gmail.com,FY-IT
ans_T029_07,T029,7.0,Soniya Mehta,collegeemail0017@gmail.com,FY-IT
ans_T029_08,T029,8.0,Mohit Bansal,collegeemail0017@gmail.com,FY-IT
ans_T029_09,T029,9.0,Kunal Arora,collegeemail0017@gmail.com,FY-IT
ans_T029_10,T029,10.0,Ritu Goyal,collegeemail0017@gmail.com,FY-IT
ans_T029_11,T029,11.0,Sonal Shah,collegeemail0017@gmail.com,FY-IT
ans_T029_12,T029,12.0,Anupam Sen,collegeemail0017@gmail.com,FY-IT
ans_T029_13,T029,13.0,Sachin Singh,collegeemail0017@gmail.com,FY-IT
ans_T029_14,T029,14.0,Manisha Torani,collegeemail0017@gmail.com,FY-IT
ans_T029_15,T029,15.0,Piya Patel,collegeemail0017@gmail.com,FY-IT
ans_T029_16,T029,16.0,Arjun Nair,collegeemail0017@gmail.com,FY-IT
ans_T029_17,T029,17.0,Suman Das,collegeemail0017@gmail.com,FY-IT
ans_T029_18,T029,18.0,Priyanka Ghosh,collegeemail0017@gmail.com,FY-IT
ans_T029_19,T029,19.0,Sunita Reddy,collegeemail0017@gmail.com,FY-IT
ans_T029_20,T029,20.0,Rajiv Malhotra,collegeemail0017@gmail.com,FY-IT
ans_T029_21,T029,21.0,Aditi Khanna,collegeemail0017@gmail.com,FY-IT
ans_T029_22,T029,22.0,Komal Khanna,collegeemail0017@gmail.com,FY-IT
ans_T029_23,T029,23.0,Kunal Goyal,collegeemail0017@gmail.com,FY-IT
ans_T029_24,T029,24.0,Deepak Tiwari,collegeemail0017@gmail.com,FY-IT
ans_T029_25,T029,25.0,Kavya Mehta,collegeemail0017@gmail.com,FY-IT
ans_T029_26,T029,26.0,Rahul Sharma,collegeemail0017@gmail.com,FY-IT
ans_T029_27,T029,27.0,Radhika Kute,collegeemail0017@gmail.com,FY-IT
ans_T029_28,T029,28.0,Rajiv Malhotra,collegeemail0017@gmail.com,FY-IT
ans_T029_29,T029,29.0,Maya Hegde,collegeemail0017@gmail.com,FY-IT
ans_T029_30,T029,30.0,Suresh Narayana,collegeemail0017@gmail.com,FY-IT
ans_T030_01,T030,232501.0,Raghav shinde,collegeemail0017@gmail.com,FY-Data Science
ans_T030_02,T030,232502.0,Kareena khan,collegeemail0017@gmail.com,FY-Data Science
ans_T030_03,T030,232503.0,Kavita Rane,collegeemail0017@gmail.com,FY-Data Science
ans_T030_04,T030,232504.0,Sunny Yadav,collegeemail0017@gmail.com,FY-Data Science
ans_T030_05,T030,232505.0,Kaanchan Rathee,collegeemail0017@gmail.com,FY-Data Science
ans_T030_06,T030,232506.0,Reshma Mehta,collegeemail0017@gmail.com,FY-Data Science
ans_T030_07,T030,232507.0,Anjali Rathod,collegeemail0017@gmail.com,FY-Data Science
ans_T030_08,T030,232508.0,Kunal Khanavne,collegeemail0017@gmail.com,FY-Data Science
ans_T030_09,T030,232509.0,Rohit Kumar,collegeemail0017@gmail.com,FY-Data Science
ans_T030_10,T030,232510.0,Akshay Mishra,collegeemail0017@gmail.com,FY-Data Science
ans_T030_11,T030,232511.0,Aditya Shrivas,collegeemail0017@gmail.com,FY-Data Science
ans_T030_12,T030,232512.0,Sumeet Thorat,collegeemail0017@gmail.com,FY-Data Science
ans_T030_13,T030,232513.0,Aarush Sharma,collegeemail0017@gmail.com,FY-Data Science
ans_T030_14,T030,232514.0,Himesh More,collegeemail0017@gmail.com,FY-Data Science
ans_T030_15,T030,232515.0,Gaurav Rohra,collegeemail0017@gmail.com,FY-Data Science
ans_T030_16,T030,232516.0,Lalit Mehra,collegeemail0017@gmail.com,FY-Data Science
ans_T030_17,T030,232517.0,Ankit Kumar,collegeemail0017@gmail.com,FY-Data Science
ans_T030_18,T030,232518.0,Purmeet Thorat,collegeemail0017@gmail.com,FY-Data Science
ans_T030_19,T030,232519.0,Aditya Shrivas,collegeemail0017@gmail.com,FY-Data Science
ans_T030_20,T030,232520.0,Pramila Pardeshi,collegeemail0017@gmail.com,FY-Data Science
ans_T030_21,T030,232521.0,Pranjal Mishra,collegeemail0017@gmail.com,FY-Data Science
ans_T030_22,T030,232522.0,Mishti Shrivastav,collegeemail0017@gmail.com,FY-Data Science
ans_T030_23,T030,232523.0,Chahat Raina,collegeemail0017@gmail.com,FY-Data Science
ans_T030_24,T030,232524.0,Sheetal Rathod,collegeemail0017@gmail.com,FY-Data Science
ans_T030_25,T030,232525.0,Anjali Mehta,collegeemail0017@gmail.com,FY-Data Science
ans_T030_26,T030,232526.0,Khushi Mlahotra,collegeemail0017@gmail.com,FY-Data Science
ans_T030_27,T030,232527.0,Anita Prakash,collegeemail0017@gmail.com,FY-Data Science
ans_T030_28,T030,232528.0,Swaranjali Ghodpade,collegeemail0017@gmail.com,FY-Data Science
ans_T030_29,T030,232529.0,Priyanka Singh,collegeemail0017@gmail.com,FY-Data Science
ans_T030_30,T030,232530.0,Raghav sharma,collegeemail0017@gmail.com,FY-Data Science
ans_T031_01,T031,306501.0,Akash Kumar,studentisdummy@gmail.com,FY-Data Science
ans_T031_02,T031,306502.0,Manoj Sharma,studentisdummy@gmail.com,FY-Data Science
ans_T031_03,T031,306503.0,Neetu Gupta,studentisdummy@gmail.com,FY-Data Science
ans_T031_04,T031,306504.0,Sandeep Yadav,studentisdummy@gmail.com,FY-Data Science
ans_T031_05,T031,306505.0,Vikas Patel,studentisdummy@gmail.com,FY-Data Science
ans_T031_06,T031,306506.0,Sunita Mehta,studentisdummy@gmail.com,FY-Data Science
ans_T031_07,T031,306507.0,Shalini Saxena,studentisdummy@gmail.com,FY-Data Science
ans_T031_08,T031,306508.0,Rohini Shrivastav,studentisdummy@gmail.com,FY-Data Science
ans_T031_09,T031,306509.0,Gaurav Arora,studentisdummy@gmail.com,FY-Data Science
ans_T031_10,T031,306510.0,Harendra Chauhan,studentisdummy@gmail.com,FY-Data Science
ans_T031_11,T031,306511.0,Mahendra Solanki,studentisdummy@gmail.com,FY-Data Science
ans_T031_12,T031,306512.0,Alka Rathore,studentisdummy@gmail.com,FY-Data Science
ans_T031_13,T031,306513.0,Anuja Patel,studentisdummy@gmail.com,FY-Data Science
ans_T031_14,T031,306514.0,Suresh Bhatt,studentisdummy@gmail.com,FY-Data Science
ans_T031_15,T031,306515.0,Padmini Hegde,studentisdummy@gmail.com,FY-Data Science
ans_T031_16,T031,306516.0,Vinod Shetty,studentisdummy@gmail.com,FY-Data Science
ans_T031_17,T031,306517.0,Devika Oberoi,studentisdummy@gmail.com,FY-Data Science
ans_T031_18,T031,306518.0,Tarun Kapoor,studentisdummy@gmail.com,FY-Data Science
ans_T031_19,T031,306519.0,Sanju Kulkarni,studentisdummy@gmail.com,FY-Data Science
ans_T031_20,T031,306520.0,Alka Rathore,studentisdummy@gmail.com,FY-Data Science
ans_T031_21,T031,306521.0,Nandini Desai,studentisdummy@gmail.com,FY-Data Science
ans_T031_22,T031,306522.0,Deepa Shah,studentisdummy@gmail.com,FY-Data Science
ans_T031_23,T031,306523.0,Ashot Tripathi,studentisdummy@gmail.com,FY-Data Science
ans_T031_24,T031,306524.0,Seema Bansal,studentisdummy@gmail.com,FY-Data Science
ans_T031_25,T031,306525.0,Ramesh Tiwari,studentisdummy@gmail.com,FY-Data Science
ans_T031_26,T031,306526.0,Kavita Agarwal,studentisdummy@gmail.com,FY-Data Science
ans_T031_27,T031,306527.0,Anil Jain,studentisdummy@gmail.com,FY-Data Science
ans_T031_28,T031,306528.0,Priyanka Mishra,studentisdummy@gmail.com,FY-Data Science
ans_T031_29,T031,306529.0,Pankaj Verma,studentisdummy@gmail.com,FY-Data Science
ans_T031_30,T031,306530.0,Ritu Singh,studentisdummy@gmail.com,FY-Data Science
ans_T032_01,T032,1.0,Vinod Shetty,studentisdummy@gmail.com,SY-Data Science
ans_T032_02,T032,2.0,Radhika Shetty,studentisdummy@gmail.com,SY-Data Science
ans_T032_03,T032,3.0,Laxman Sinha,studentisdummy@gmail.com,SY-Data Science
ans_T032_04,T032,4.0,Kritika Pardeshi,studentisdummy@gmail.com,SY-Data Science
ans_T032_05,T032,5.0,Madhuri Sen,studentisdummy@gmail.com,SY-Data Science
ans_T032_06,T032,6.0,Kiran Rane,studentisdummy@gmail.com,SY-Data Science
ans_T032_07,T032,7.0,Samruddhi More,studentisdummy@gmail.com,SY-Data Science
ans_T032_08,T032,8.0,Chanchal Raina,studentisdummy@gmail.com,SY-Data Science
ans_T032_09,T032,9.0,Khushi More,studentisdummy@gmail.com,SY-Data Science
ans_T032_10,T032,10.0,Roshni Bedi,studentisdummy@gmail.com,SY-Data Science
ans_T032_11,T032,11.0,Saniya Bedi,studentisdummy@gmail.com,SY-Data Science
ans_T032_12,T032,12.0,Pankaj Kumar,studentisdummy@gmail.com,SY-Data Science
ans_T032_13,T032,13.0,Bhoomi Barve,studentisdummy@gmail.com,SY-Data Science
ans_T032_14,T032,14.0,Maahi Sheikh,studentisdummy@gmail.com,SY-Data Science
ans_T032_15,T032,15.0,Aarushi Hegde,studentisdummy@gmail.com,SY-Data Science
ans_T032_16,T032,16.0,Ankush Shastri,studentisdummy@gmail.com,SY-Data Science
ans_T032_17,T032,17.0,Rasha Chalnani,studentisdummy@gmail.com,SY-Data Science
ans_T032_18,T032,18.0,Alisha Patel,studentisdummy@gmail.com,SY-Data Science
ans_T032_19,T032,19.0,Deepali Malviya,studentisdummy@gmail.com,SY-Data Science
ans_T032_20,T032,20.0,Karishma Singhania,studentisdummy@gmail.com,SY-Data Science
ans_T032_21,T032,21.0,aaradhna Joshi,studentisdummy@gmail.com,SY-Data Science
ans_T032_22,T032,22.0,Khushi Tiwari,studentisdummy@gmail.com,SY-Data Science
ans_T032_23,T032,23.0,Ruchika Khed,studentisdummy@gmail.com,SY-Data Science
ans_T032_24,T032,24.0,Kunal Meshram,studentisdummy@gmail.com,SY-Data Science
ans_T032_25,T032,25.0,Pravin Rai,studentisdummy@gmail.com,SY-Data Science
ans_T032_26,T032,26.0,Sanket Raina,studentisdummy@gmail.com,SY-Data Science
ans_T032_27,T032,27.0,Salma Sayyad,studentisdummy@gmail.com,SY-Data Science
ans_T032_28,T032,28.0,Anju Ramkrishna,studentisdummy@gmail.com,SY-Data Science
ans_T032_29,T032,29.0,Kavya singh,studentisdummy@gmail.com,SY-Data Science
ans_T032_30,T032,30.0,Anjali Ghodpe,studentisdummy@gmail.com,SY-Data Science
ans_T033_01,T033,1.0,Revathi Iyer,studentisdummy@gmail.com,TY-Information Technology
ans_T033_02,T033,2.0,Arif Khan,studentisdummy@gmail.com,TY-Information Technology
ans_T033_03,T033,3.0,Rakesh Sinha,studentisdummy@gmail.com,TY-Information Technology
ans_T033_04,T033,4.0,Ankur Saxena,studentisdummy@gmail.com,TY-Information Technology
ans_T033_05,T033,5.0,Kiran Malhotra,studentisdummy@gmail.com,TY-Information Technology
ans_T033_06,T033,6.0,Neelam Tiwari,studentisdummy@gmail.com,TY-Information Technology
ans_T033_07,T033,7.0,Suresh Bhatt,studentisdummy@gmail.com,TY-Information Technology
ans_T033_08,T033,8.0,Padmini Hegde,studentisdummy@gmail.com,TY-Information Technology
ans_T033_09,T033,9.0,Varun Shetty,studentisdummy@gmail.com,TY-Information Technology
ans_T033_10,T033,10.0,Varun Shetty,studentisdummy@gmail.com,TY-Information Technology
ans_T033_11,T033,11.0,Naveen Kumar,studentisdummy@gmail.com,TY-Information Technology
ans_T033_12,T033,12.0,Rakesh Mishra,studentisdummy@gmail.com,TY-Information Technology
ans_T033_13,T033,13.0,Priti Singh,studentisdummy@gmail.com,TY-Information Technology
ans_T033_14,T033,14.0,Shiksha Patel,studentisdummy@gmail.com,TY-Information Technology
ans_T033_15,T033,15.0,Dinesh Mehta,studentisdummy@gmail.com,TY-Information Technology
ans_T033_16,T033,16.0,Kamlesh Bansal,studentisdummy@gmail.com,TY-Information Technology
ans_T033_17,T033,17.0,Neelam Tiwari,studentisdummy@gmail.com,TY-Information Technology
ans_T033_18,T033,18.0,Madhuri Shrivastav,studentisdummy@gmail.com,TY-Information Technology
ans_T033_19,T033,19.0,Sunita Khavnekar,studentisdummy@gmail.com,TY-Information Technology
ans_T033_20,T033,20.0,Pradeep Arora,studentisdummy@gmail.com,TY-Information Technology
ans_T033_21,T033,21.0,Sourav Agarwal,studentisdummy@gmail.com,TY-Information Technology
ans_T033_22,T033,22.0,Ashutosh Gupta,studentisdummy@gmail.com,TY-Information Technology
ans_T033_23,T033,23.0,Kancha Jain,studentisdummy@gmail.com,TY-Information Technology
ans_T033_24,T033,24.0,Monika Yadav,studentisdummy@gmail.com,TY-Information Technology
ans_T033_25,T033,25.0,Asha Kulkarni,studentisdummy@gmail.com,TY-Information Technology
ans_T033_26,T033,26.0,Tanvi Kapoor,studentisdummy@gmail.com,TY-Information Technology
ans_T033_27,T033,27.0,Devika Oberoi,studentisdummy@gmail.com,TY-Information Technology
ans_T033_28,T033,28.0,Bharti Pandey,studentisdummy@gmail.com,TY-Information Technology
ans_T033_29,T033,29.0,Shabhnam Khatif,studentisdummy@gmail.com,TY-Information Technology
ans_T033_30,T033,30.0,Raghavan Pillai,studentisdummy@gmail.com,TY-Information Technology
ans_T001_01,T001,1.0,pranay Ovhal,studentisdummy@gmail.com,FY-Artificial Intelligence
ans_T001_02,T001,2.0,Kartik Lokhande,studentisdummy@gmail.com,FY-Artificial Intelligence
ans_T001_03,T001,3.0,Deepika Sahu,studentisdummy@gmail.com,FY-Artificial Intelligence
ans_T001_04,T001,4.0,Aniruddha Sonawane,studentisdummy@gmail.com,FY-Artificial Intelligence
ans_T001_05,T001,5.0,sahil Gaikwad,studentisdummy@gmail.com,FY-Artificial Intelligence
ans_T001_06,T001,6.0,Karan Ahuja,studentisdummy@gmail.com,TY Bsc Computer Science
ans_T001_07,T001,7.0,Rohan Bhatia,studentisdummy@gmail.com,FY-Artificial Intelligence
ans_T001_08,T001,8.0,shrushti Gaikwad,studentisdummy@gmail.com,FY-Artificial Intelligence
ans_T001_09,T001,9.0,Saniya Singh,studentisdummy@gmail.com,FY-Artificial Intelligence
ans_T001_10,T001,10.0,Ashish Bhatia,studentisdummy@gmail.com,FY-Artificial Intelligence
ans_T001_11,T001,11.0,Ritesh Kumar,studentisdummy@gmail.com,FY-Artificial Intelligence
ans_T001_12,T001,12.0,Robin Alexander,studentisdummy@gmail.com,FY-Artificial Intelligence
ans_T001_13,T001,13.0,Krishna Pardeshi,studentisdummy@gmail.com,TY Bsc Computer Science
ans_T001_14,T001,14.0,kanika Devo,studentisdummy@gmail.com,Ty Bsc Computer Science
ans_T001_15,T001,15.0,Saloni Mittal,studentisdummy@gmail.com,FY-Artificial Intelligence
ans_T001_16,T001,16.0,Ayesha Rajbhar,studentisdummy@gmail.com,FY-Artificial Intelligence
ans_T001_17,T001,17.0,Ramesh Mishra,studentisdummy@gmail.com,Ty Bsc Computer Science
ans_T001_18,T001,18.0,Roshni Patil,studentisdummy@gmail.com,TY Bsc Computer Science
ans_T001_19,T001,19.0,Hemant Ghodpe,studentisdummy@gmail.com,Ty Bsc Computer Science
ans_T001_20,T001,20.0,Pragati Laadi,studentisdummy@gmail.com,Ty Bsc Computer Science
ans_T001_21,T001,21.0,Mukesh Kolhi,studentisdummy@gmail.com,Ty Bsc Computer Science
ans_T001_22,T001,22.0,Piyush Tripathi,studentisdummy@gmail.com,FY-Artificial Intelligence
ans_T001_23,T001,23.0,Geet Gurnani,studentisdummy@gmail.com,FY-Artificial Intelligence
ans_T001_24,T001,24.0,Rohani Dulhani,studentisdummy@gmail.com,TY Bsc Computer Science
ans_T001_25,T001,25.0,Hurem Qureshi,studentisdummy@gmail.com,TY Bsc Computer Science
ans_T001_26,T001,26.0,Lalit chopda,studentisdummy@gmail.com,Ty Bsc Computer Science
ans_T001_27,T001,27.0,Zoya Sultani,studentisdummy@gmail.com,Ty Bsc Computer Science
ans_T001_28,T001,28.0,Divya lalwani,studentisdummy@gmail.com,Ty Bsc Computer Science
ans_T001_29,T001,29.0,Tanvi Shekhar,studentisdummy@gmail.com,FY-Artificial Intelligence
ans_T001_30,T001,30.0,Shanaya Merchant,studentisdummy@gmail.com,TY Bsc Computer Science
ans_T034_01,T034,1.0,Aniruddha Tripathi,collegeemail0017@gmail.com,TY-Information Technology
ans_T034_02,T034,2.0,Nitesh Roy,collegeemail0017@gmail.com,TY-Information Technology
ans_T034_03,T034,3.0,Sohil Roy,collegeemail0017@gmail.com,TY-Information Technology
ans_T034_04,T034,4.0,Anjali Mishra,collegeemail0017@gmail.com,TY-Information Technology
ans_T034_05,T034,5.0,Mithun Saahi,collegeemail0017@gmail.com,TY-Information Technology
ans_T034_06,T034,6.0,Sneha Shinde,collegeemail0017@gmail.com,TY-Information Technology
ans_T034_07,T034,7.0,Mishti Prakash,collegeemail0017@gmail.com,TY-Information Technology
ans_T034_08,T034,8.0,Aditya Raane,collegeemail0017@gmail.com,TY-Information Technology
ans_T034_09,T034,9.0,Vicky Dikshit,collegeemail0017@gmail.com,TY-Information Technology
ans_T034_10,T034,10.0,Santosh Maane,collegeemail0017@gmail.com,TY-Information Technology
ans_T034_11,T034,11.0,Pranjal Mishra,collegeemail0017@gmail.com,TY-Information Technology
ans_T034_12,T034,12.0,Raj Singh,collegeemail0017@gmail.com,TY-Information Technology
ans_T034_13,T034,13.0,Ankur Jadhav,collegeemail0017@gmail.com,TY-Information Technology
ans_T034_14,T034,14.0,Bishal Jaiswal,collegeemail0017@gmail.com,TY-Information Technology
ans_T034_15,T034,15.0,Rasha Prajapati,collegeemail0017@gmail.com,TY-Information Technology
ans_T034_16,T034,16.0,Rahul Chetri,collegeemail0017@gmail.com,TY-Information Technology
ans_T034_17,T034,17.0,Manku Singh,collegeemail0017@gmail.com,TY-Information Technology
ans_T034_18,T034,18.0,Esha Pandey,collegeemail0017@gmail.com,TY-Information Technology
ans_T034_19,T034,19.0,Piyush More,collegeemail0017@gmail.com,TY-Information Technology
ans_T034_20,T034,20.0,Suhesh Arora,collegeemail0017@gmail.com,TY-Information Technology
ans_T035_02,T035,2.0,Sonali Sharma,collegeemail0017@gmail.com,TY-Information Teachnology
ans_T035_03,T035,3.0,aanchal Singh,collegeemail0017@gmail.com,TY-Information Teachnology
ans_T035_04,T035,4.0,Manushi Kaur,collegeemail0017@gmail.com,TY-Information Teachnology
ans_T035_05,T035,5.0,Ritik Roy,collegeemail0017@gmail.com,TY-Information Teachnology
ans_T035_01,T035,01,Kritika Pardeshi,collegeemail0017@gmail.com,TY-Information Teachnology
